INSERT INTO guesthouse_entity (guesthouse_id, guesthouse_name, address, location, price, phone, rating, image_url, mood)
VALUES (1, '미도호스텔', '제주 서귀포시 동문동로 13-1 미도호스텔 게스트하우스', '서귀포시,중문,모슬포', '25000', '0507-1303-7627', 0, '1_미도호스텔.jpeg', '여유로운');
INSERT INTO guesthouse_entity (guesthouse_id, guesthouse_name, address, location, price, phone, rating, image_url, mood)
VALUES (2, '낯선하루', '제주 서귀포시 성산읍 신양로122번길 30-8 낯선하루', '남원,표선,성산', '30000', '010-2480-1250', 0, '2_낯선하루.jpeg', '액티비티가 다양한');
INSERT INTO guesthouse_entity (guesthouse_id, guesthouse_name, address, location, price, phone, rating, image_url, mood)
VALUES (3, '제주도게스트하우스 파티 간장남들', '제주 서귀포시 안덕면 사계북로41번길 30', '서귀포시,중문,모슬포', '20000', '0507-1335-9219', 0,
        '3_제주도게스트하우스 파티 간장남들.jpeg', '힐링하기 좋은');
INSERT INTO guesthouse_entity (guesthouse_id, guesthouse_name, address, location, price, phone, rating, image_url, mood)
VALUES (4, '오소소게스트하우스', '제주 서귀포시 대정읍 비자낭로 23', '서귀포시,중문,모슬포', '28000', '0507-1385-3592', 0, '4_오소소게스트하우스.jpeg', '활기 넘치는');
INSERT INTO guesthouse_entity (guesthouse_id, guesthouse_name, address, location, price, phone, rating, image_url, mood)
VALUES (5, '히든스테이', '제주 서귀포시 성산읍 성산중앙로40번길 12 히든스테이', '남원,표선,성산', '30000', '0507-1385-3800', 0, '5_히든스테이.jpeg', '활기 넘치는');
INSERT INTO guesthouse_entity (guesthouse_id, guesthouse_name, address, location, price, phone, rating, image_url, mood)
VALUES (6, '제주도성산바랑쉬게스트하우스', '제주 서귀포시 성산읍 환해장성로 496', '남원,표선,성산', '10900', '0507-1304-5697', 0, '6_제주도성산바랑쉬게스트하우스.jpeg',
        '여유로운');
INSERT INTO guesthouse_entity (guesthouse_id, guesthouse_name, address, location, price, phone, rating, image_url, mood)
VALUES (7, '루프탑정원', '제주 서귀포시 남원읍 태위로912번길 37', '남원,표선,성산', '25000', '0507-1308-3842', 0, '7_루프탑정원.jpeg', '여유로운');
INSERT INTO guesthouse_entity (guesthouse_id, guesthouse_name, address, location, price, phone, rating, image_url, mood)
VALUES (8, '빅썸 호스텔', '제주 서귀포시 남원읍 태위로 984-7 빅썸호스텔', '남원,표선,성산', '9900', '0507-1496-8119', 0, '8_빅썸 호스텔.jpeg', '액티비티가 다양한');
INSERT INTO guesthouse_entity (guesthouse_id, guesthouse_name, address, location, price, phone, rating, image_url, mood)
VALUES (9, '또똣제주백팩커스', '제주 서귀포시 안덕면 사계남로153번길 10', '서귀포시,중문,모슬포', '0', '0507-1363-7051', 0, '9_또똣제주백팩커스.jpeg', '힐링하기 좋은');
INSERT INTO guesthouse_entity (guesthouse_id, guesthouse_name, address, location, price, phone, rating, image_url, mood)
VALUES (10, '나무이야기 게스트하우스 남원점', '제주 서귀포시 남원읍 남한로21번길 9', '남원,표선,성산', '25000', '010-3389-4071', 0, '10_나무이야기 게스트하우스 남원점.jpeg',
        '여유로운');
INSERT INTO guesthouse_entity (guesthouse_id, guesthouse_name, address, location, price, phone, rating, image_url, mood)
VALUES (11, '하랑게스트하우스', '제주 서귀포시 대정읍 일과로13번길 1', '서귀포시,중문,모슬포', '40000', '0507-1400-5585', 0, '11_하랑게스트하우스.jpeg', '힐링하기 좋은');
INSERT INTO guesthouse_entity (guesthouse_id, guesthouse_name, address, location, price, phone, rating, image_url, mood)
VALUES (12, '표리네', '제주 서귀포시 표선면 표선중앙로 73-9 표리네게스트하우스', '남원,표선,성산', '22000', '0507-1340-0286', 0, '12_표리네.jpeg', '여유로운');
INSERT INTO guesthouse_entity (guesthouse_id, guesthouse_name, address, location, price, phone, rating, image_url, mood)
VALUES (13, '돌담에꽃머무는집', '제주 서귀포시 안덕면 대평로 46', '서귀포시,중문,모슬포', '70000', '0507-1426-8942', 0, '13_돌담에꽃머무는집.jpeg', '여유로운');
INSERT INTO guesthouse_entity (guesthouse_id, guesthouse_name, address, location, price, phone, rating, image_url, mood)
VALUES (14, '후스토리 게스트하우스', '제주 서귀포시 색달중앙로 15-1 후스토리 게스트하우스', '서귀포시,중문,모슬포', '25000', '0507-1414-2534', 0,
        '14_후스토리 게스트하우스.jpeg', '활기 넘치는');
INSERT INTO guesthouse_entity (guesthouse_id, guesthouse_name, address, location, price, phone, rating, image_url, mood)
VALUES (15, '무명화가의집게스트하우스', '제주 서귀포시 성산읍 시흥하동로55번길 23-5', '남원,표선,성산', '25000', '010-9594-6126', 0, '15_무명화가의집게스트하우스.jpeg',
        '여유로운');
INSERT INTO guesthouse_entity (guesthouse_id, guesthouse_name, address, location, price, phone, rating, image_url, mood)
VALUES (16, '바람이 불어오는 곳', '제주 서귀포시 대정읍 상모대서로20번길 31-15', '서귀포시,중문,모슬포', '25000', '010-7518-5579', 0, '16_바람이 불어오는 곳.jpeg',
        '활기 넘치는');
INSERT INTO guesthouse_entity (guesthouse_id, guesthouse_name, address, location, price, phone, rating, image_url, mood)
VALUES (17, '스테이라움', '제주 서귀포시 성산읍 오조로 120 스테이라움', '남원,표선,성산', '140000', '0507-1312-9910', 0, '17_스테이라움.jpeg', '여유로운');
INSERT INTO guesthouse_entity (guesthouse_id, guesthouse_name, address, location, price, phone, rating, image_url, mood)
VALUES (18, '담소 게스트하우스', '제주 서귀포시 칠십리로485번길 7-3 담소게스트하우스', '서귀포시,중문,모슬포', '38000', '0507-1343-2172', 0, '18_담소 게스트하우스.jpeg',
        '여유로운');
INSERT INTO guesthouse_entity (guesthouse_id, guesthouse_name, address, location, price, phone, rating, image_url, mood)
VALUES (19, '전망게스트하우스', '제주 서귀포시 성산읍 일출로 248 2층3층', '남원,표선,성산', '20000', '064-783-1568', 0, '19_전망게스트하우스.jpeg', '여유로운');
INSERT INTO guesthouse_entity (guesthouse_id, guesthouse_name, address, location, price, phone, rating, image_url, mood)
VALUES (20, '하늘아래게스트하우스', '제주 서귀포시 표선면 세성로 123-24 하늘아래게스트하우스', '남원,표선,성산', '70000', '010-2408-5602', 0,
        '20_하늘아래게스트하우스.jpeg', '힐링하기 좋은');
INSERT INTO guesthouse_entity (guesthouse_id, guesthouse_name, address, location, price, phone, rating, image_url, mood)
VALUES (21, '꿈인게스트하우스', '제주 서귀포시 말질로170번길 4-1', '서귀포시,중문,모슬포', '30000', '0507-1406-0095', 0, '21_꿈인게스트하우스.jpeg', '힐링하기 좋은');
INSERT INTO guesthouse_entity (guesthouse_id, guesthouse_name, address, location, price, phone, rating, image_url, mood)
VALUES (22, '성산에오거들랑게스트하우스', '제주 서귀포시 성산읍 고성동서로 13-7', '남원,표선,성산', '20000', '064-784-2692', 0, '22_성산에오거들랑게스트하우스.jpeg',
        '여유로운');
INSERT INTO guesthouse_entity (guesthouse_id, guesthouse_name, address, location, price, phone, rating, image_url, mood)
VALUES (23, '물고기나무', '제주 서귀포시 성산읍 중산간동로 4204-14', '남원,표선,성산', '45000', '0507-1483-1065', 0, '23_물고기나무.jpeg', '여유로운');
INSERT INTO guesthouse_entity (guesthouse_id, guesthouse_name, address, location, price, phone, rating, image_url, mood)
VALUES (24, '스테이 동백', '제주 서귀포시 성산읍 오조로100번길 5', '남원,표선,성산', '40000', '0507-1355-9322', 0, '24_스테이 동백.jpeg', '액티비티가 다양한');
INSERT INTO guesthouse_entity (guesthouse_id, guesthouse_name, address, location, price, phone, rating, image_url, mood)
VALUES (25, '위미위드미 게스트하우스', '제주 서귀포시 남원읍 태위로151번길 17', '남원,표선,성산', '25000', '010-5176-1259', 0, '25_위미위드미 게스트하우스.jpeg',
        '여유로운');
INSERT INTO guesthouse_entity (guesthouse_id, guesthouse_name, address, location, price, phone, rating, image_url, mood)
VALUES (26, '늘푸른게스트하우스', '제주 서귀포시 대정읍 하모백사로 29', '서귀포시,중문,모슬포', '55000', '0507-1437-7892', 0, '26_늘푸른게스트하우스.jpeg', '액티비티가 다양한');
INSERT INTO guesthouse_entity (guesthouse_id, guesthouse_name, address, location, price, phone, rating, image_url, mood)
VALUES (27, '블랑게스트하우스', '제주 서귀포시 표선면 표선관정로43번길 76-31', '남원,표선,성산', '25000', '010-6276-0766', 0, '27_블랑게스트하우스.jpeg', '여유로운');
INSERT INTO guesthouse_entity (guesthouse_id, guesthouse_name, address, location, price, phone, rating, image_url, mood)
VALUES (28, '흰고래', '제주 서귀포시 이어도로1066번길 26', '서귀포시,중문,모슬포', '40000', '0507-1400-0471', 0, '28_흰고래.jpeg', '여유로운');
INSERT INTO guesthouse_entity (guesthouse_id, guesthouse_name, address, location, price, phone, rating, image_url, mood)
VALUES (29, '달휴게스트하우스', '제주 서귀포시 성산읍 온평애향로23번길 25', '남원,표선,성산', '45000', '0507-1400-1641', 0, '29_달휴게스트하우스.jpeg', '여유로운');
INSERT INTO guesthouse_entity (guesthouse_id, guesthouse_name, address, location, price, phone, rating, image_url, mood)
VALUES (30, '비욘드북카페&게스트하우스', '제주 서귀포시 성산읍 신천동로 24-30', '남원,표선,성산', '25000', '0507-1407-5195', 0, '30_비욘드북카페&게스트하우스.jpeg',
        '힐링하기 좋은');
INSERT INTO guesthouse_entity (guesthouse_id, guesthouse_name, address, location, price, phone, rating, image_url, mood)
VALUES (31, '제주도게스트하우스 협재정류장', '제주 제주시 한림읍 한림로 391 제주도게스트하우스협재정류장', '이호테우,하귀,애월,한림,협재', '30000', '0507-1322-8968', 0, '31_제주도게스트하우스 협재정류장.jpeg',
        '힐링하기 좋은');
INSERT INTO guesthouse_entity (guesthouse_id, guesthouse_name, address, location, price, phone, rating, image_url, mood)
VALUES (32, '네모 스테이', '제주 제주시 한림읍 한림로 394 1층~3층', '이호테우,하귀,애월,한림,협재', '20000', '0507-1313-0946', 0, '32_네모 스테이.jpeg', '여유로운');
INSERT INTO guesthouse_entity (guesthouse_id, guesthouse_name, address, location, price, phone, rating, image_url, mood)
VALUES (33, '동행in협재', '제주 제주시 한림읍 협재1길 27 1층 동행in협재', '이호테우,하귀,애월,한림,협재', '25000', '0507-1393-3556', 0, '33_동행in협재.jpeg', '여유로운');
INSERT INTO guesthouse_entity (guesthouse_id, guesthouse_name, address, location, price, phone, rating, image_url, mood)
VALUES (34, '김군아미고게스트하우스', '제주 제주시 애월읍 애월해안로 670', '이호테우,하귀,애월,한림,협재', '25000', '0507-1316-6045', 0, '34_김군아미고게스트하우스.jpeg', '액티비티가 다양한');
INSERT INTO guesthouse_entity (guesthouse_id, guesthouse_name, address, location, price, phone, rating, image_url, mood)
VALUES (35, '1미리 게스트하우스', '제주 제주시 한림읍 협재6길 22-4 1미리게스트하우스', '이호테우,하귀,애월,한림,협재', '30000', '010-6566-6446', 0, '35_1미리 게스트하우스.jpeg', '액티비티가 다양한');
INSERT INTO guesthouse_entity (guesthouse_id, guesthouse_name, address, location, price, phone, rating, image_url, mood)
VALUES (36, '제주도게스트하우스파티애월설레임2호점', '제주 제주시 애월읍 애월북서길 67', '이호테우,하귀,애월,한림,협재', '10000', '0507-1371-6431', 0, '36_제주도게스트하우스파티애월설레임2호점.jpeg', '활기 넘치는');
INSERT INTO guesthouse_entity (guesthouse_id, guesthouse_name, address, location, price, phone, rating, image_url, mood)
VALUES (37, '송당온도', '제주 제주시 구좌읍 송당서3길 13 송당온도 게스트하우스', '함덕,김녕,세화', '30000', '0507-1428-2200', 0, '37_송당온도.jpeg', '액티비티가 다양한');
INSERT INTO guesthouse_entity (guesthouse_id, guesthouse_name, address, location, price, phone, rating, image_url, mood)
VALUES (38, '카프리애월 민박', '제주 제주시 애월읍 애월로4길 18', '이호테우,하귀,애월,한림,협재', '20000', '0507-1353-7978', 0, '38_카프리애월 민박.jpeg', '활기 넘치는');
INSERT INTO guesthouse_entity (guesthouse_id, guesthouse_name, address, location, price, phone, rating, image_url, mood)
VALUES (39, '사랑각게스트하우스', '제주 제주시 조천읍 선화길 21 1층 사랑각게스트하우스', '함덕,김녕,세화', '25000', '0507-1400-5912', 0, '39_사랑각게스트하우스.jpeg', '활기 넘치는');
INSERT INTO guesthouse_entity (guesthouse_id, guesthouse_name, address, location, price, phone, rating, image_url, mood)
VALUES (40, '제주도파티게스트하우스 문어오빠', '제주 제주시 한림읍 한림로 372-15 제주도파티게스트하우스 문어오빠 협재 본점', '이호테우,하귀,애월,한림,협재', '20000', '0507-1316-0945', 0,
        '40_제주도파티게스트하우스 문어오빠.jpeg', '여유로운');
INSERT INTO guesthouse_entity (guesthouse_id, guesthouse_name, address, location, price, phone, rating, image_url, mood)
VALUES (41, '제주기역', '제주 제주시 한림읍 협재1길 19-8 제주기역', '이호테우,하귀,애월,한림,협재', '80000', '064-796-1309', 0, '41_제주기역.jpeg', '여유로운');
INSERT INTO guesthouse_entity (guesthouse_id, guesthouse_name, address, location, price, phone, rating, image_url, mood)
VALUES (42, '끌림365 2호점 애월의 온도', '제주 제주시 애월읍 애월해안로 384', '이호테우,하귀,애월,한림,협재', '20000', '0507-1306-0384', 0, '42_끌림365 2호점 애월의 온도.jpeg', '활기 넘치는');
INSERT INTO guesthouse_entity (guesthouse_id, guesthouse_name, address, location, price, phone, rating, image_url, mood)
VALUES (43, '제주도 애월 파티하는 오누 게스트하우스', '제주 제주시 애월읍 애월로2길 7 1층 오누게스트하우스', '이호테우,하귀,애월,한림,협재', '25000', '0507-1307-3614', 0, '43_제주도 애월 파티하는 오누 게스트하우스.jpeg',
        '활기 넘치는');
INSERT INTO guesthouse_entity (guesthouse_id, guesthouse_name, address, location, price, phone, rating, image_url, mood)
VALUES (44, '나무처럼 게스트하우스', '제주 제주시 한림읍 홍수암로 3-1', '이호테우,하귀,애월,한림,협재', '47000', '0507-1436-8306', 0, '44_나무처럼 게스트하우스.jpeg', '액티비티가 다양한');
INSERT INTO guesthouse_entity (guesthouse_id, guesthouse_name, address, location, price, phone, rating, image_url, mood)
VALUES (45, '일공육스테이', '제주 제주시 한림읍 명월로 106 1층', '이호테우,하귀,애월,한림,협재', '19900', '0507-1305-3190', 0, '45_일공육스테이.jpeg', '액티비티가 다양한');
INSERT INTO guesthouse_entity (guesthouse_id, guesthouse_name, address, location, price, phone, rating, image_url, mood)
VALUES (46, '제주 제주로와 게스트하우스', '제주 제주시 제원길 16 2층', '용담,도두,연동,노형동', '26000', '0507-1400-4993', 0, '46_제주 제주로와 게스트하우스.jpeg', '액티비티가 다양한');
INSERT INTO guesthouse_entity (guesthouse_id, guesthouse_name, address, location, price, phone, rating, image_url, mood)
VALUES (47, '숨게스트하우스 제주공항점', '제주 제주시 서광로5길 2-2 숨게스트하우스', '용담,도두,연동,노형동', '23000', '0507-1311-0106', 0, '47_숨게스트하우스 제주공항점.jpeg', '여유로운');
INSERT INTO guesthouse_entity (guesthouse_id, guesthouse_name, address, location, price, phone, rating, image_url, mood)
VALUES (48, '제주도게스트하우스 점보네', '제주 제주시 용마서1길 36 3층', '용담,도두,연동,노형동', '25000', '0507-1307-8240', 0, '48_제주도게스트하우스 점보네.jpeg', '여유로운');
INSERT INTO guesthouse_entity (guesthouse_id, guesthouse_name, address, location, price, phone, rating, image_url, mood)
VALUES (49, '우리들의월정리', '제주 제주시 구좌읍 월정1길 66-3 우리들의월정리', '함덕,김녕,세화', '35000', '0507-1362-5590', 0, '49_우리들의월정리.jpeg', '여유로운');
INSERT INTO guesthouse_entity (guesthouse_id, guesthouse_name, address, location, price, phone, rating, image_url, mood)
VALUES (50, '제주도게스트하우스파티 느영나영', '제주 서귀포시 남원읍 신흥로13번길 23 제주도게스트하우스파티 느영나영', '남원,표선,성산', '14000', '0507-1400-5002', 0,
        '50.jpeg', '힐링하기 좋은');


INSERT INTO mbti_prob_entity (probability_id, guesthouse_id, mbti, probability)
VALUES (1, 1, 'INFJ', 0.1543);
INSERT INTO mbti_prob_entity (probability_id, guesthouse_id, mbti, probability)
VALUES (2, 1, 'INFP', 0.2610);
INSERT INTO mbti_prob_entity (probability_id, guesthouse_id, mbti, probability)
VALUES (3, 1, 'INTJ', 0.0939);
INSERT INTO mbti_prob_entity (probability_id, guesthouse_id, mbti, probability)
VALUES (4, 1, 'INTP', 0.1588);
INSERT INTO mbti_prob_entity (probability_id, guesthouse_id, mbti, probability)
VALUES (5, 1, 'ISFJ', 0.0133);
INSERT INTO mbti_prob_entity (probability_id, guesthouse_id, mbti, probability)
VALUES (6, 1, 'ISFP', 0.0225);
INSERT INTO mbti_prob_entity (probability_id, guesthouse_id, mbti, probability)
VALUES (7, 1, 'ISTJ', 0.0081);
INSERT INTO mbti_prob_entity (probability_id, guesthouse_id, mbti, probability)
VALUES (8, 1, 'ISTP', 0.0137);
INSERT INTO mbti_prob_entity (probability_id, guesthouse_id, mbti, probability)
VALUES (9, 1, 'ENFJ', 0.0584);
INSERT INTO mbti_prob_entity (probability_id, guesthouse_id, mbti, probability)
VALUES (10, 1, 'ENFP', 0.0987);
INSERT INTO mbti_prob_entity (probability_id, guesthouse_id, mbti, probability)
VALUES (11, 1, 'ENTJ', 0.0355);
INSERT INTO mbti_prob_entity (probability_id, guesthouse_id, mbti, probability)
VALUES (12, 1, 'ENTP', 0.0600);
INSERT INTO mbti_prob_entity (probability_id, guesthouse_id, mbti, probability)
VALUES (13, 1, 'ESFJ', 0.0050);
INSERT INTO mbti_prob_entity (probability_id, guesthouse_id, mbti, probability)
VALUES (14, 1, 'ESFP', 0.0085);
INSERT INTO mbti_prob_entity (probability_id, guesthouse_id, mbti, probability)
VALUES (15, 1, 'ESTJ', 0.0031);
INSERT INTO mbti_prob_entity (probability_id, guesthouse_id, mbti, probability)
VALUES (16, 1, 'ESTP', 0.0052);
INSERT INTO mbti_prob_entity (probability_id, guesthouse_id, mbti, probability)
VALUES (17, 2, 'INFJ', 0.0942);
INSERT INTO mbti_prob_entity (probability_id, guesthouse_id, mbti, probability)
VALUES (18, 2, 'INFP', 0.2584);
INSERT INTO mbti_prob_entity (probability_id, guesthouse_id, mbti, probability)
VALUES (19, 2, 'INTJ', 0.0639);
INSERT INTO mbti_prob_entity (probability_id, guesthouse_id, mbti, probability)
VALUES (20, 2, 'INTP', 0.1752);
INSERT INTO mbti_prob_entity (probability_id, guesthouse_id, mbti, probability)
VALUES (21, 2, 'ISFJ', 0.0143);
INSERT INTO mbti_prob_entity (probability_id, guesthouse_id, mbti, probability)
VALUES (22, 2, 'ISFP', 0.0393);
INSERT INTO mbti_prob_entity (probability_id, guesthouse_id, mbti, probability)
VALUES (23, 2, 'ISTJ', 0.0097);
INSERT INTO mbti_prob_entity (probability_id, guesthouse_id, mbti, probability)
VALUES (24, 2, 'ISTP', 0.0267);
INSERT INTO mbti_prob_entity (probability_id, guesthouse_id, mbti, probability)
VALUES (25, 2, 'ENFJ', 0.0440);
INSERT INTO mbti_prob_entity (probability_id, guesthouse_id, mbti, probability)
VALUES (26, 2, 'ENFP', 0.1206);
INSERT INTO mbti_prob_entity (probability_id, guesthouse_id, mbti, probability)
VALUES (27, 2, 'ENTJ', 0.0298);
INSERT INTO mbti_prob_entity (probability_id, guesthouse_id, mbti, probability)
VALUES (28, 2, 'ENTP', 0.0818);
INSERT INTO mbti_prob_entity (probability_id, guesthouse_id, mbti, probability)
VALUES (29, 2, 'ESFJ', 0.0067);
INSERT INTO mbti_prob_entity (probability_id, guesthouse_id, mbti, probability)
VALUES (30, 2, 'ESFP', 0.0184);
INSERT INTO mbti_prob_entity (probability_id, guesthouse_id, mbti, probability)
VALUES (31, 2, 'ESTJ', 0.0045);
INSERT INTO mbti_prob_entity (probability_id, guesthouse_id, mbti, probability)
VALUES (32, 2, 'ESTP', 0.0125);
INSERT INTO mbti_prob_entity (probability_id, guesthouse_id, mbti, probability)
VALUES (33, 3, 'INFJ', 0.0972);
INSERT INTO mbti_prob_entity (probability_id, guesthouse_id, mbti, probability)
VALUES (34, 3, 'INFP', 0.1526);
INSERT INTO mbti_prob_entity (probability_id, guesthouse_id, mbti, probability)
VALUES (35, 3, 'INTJ', 0.0718);
INSERT INTO mbti_prob_entity (probability_id, guesthouse_id, mbti, probability)
VALUES (36, 3, 'INTP', 0.1127);
INSERT INTO mbti_prob_entity (probability_id, guesthouse_id, mbti, probability)
VALUES (37, 3, 'ISFJ', 0.0301);
INSERT INTO mbti_prob_entity (probability_id, guesthouse_id, mbti, probability)
VALUES (38, 3, 'ISFP', 0.0473);
INSERT INTO mbti_prob_entity (probability_id, guesthouse_id, mbti, probability)
VALUES (39, 3, 'ISTJ', 0.0223);
INSERT INTO mbti_prob_entity (probability_id, guesthouse_id, mbti, probability)
VALUES (40, 3, 'ISTP', 0.0349);
INSERT INTO mbti_prob_entity (probability_id, guesthouse_id, mbti, probability)
VALUES (41, 3, 'ENFJ', 0.0737);
INSERT INTO mbti_prob_entity (probability_id, guesthouse_id, mbti, probability)
VALUES (42, 3, 'ENFP', 0.1156);
INSERT INTO mbti_prob_entity (probability_id, guesthouse_id, mbti, probability)
VALUES (43, 3, 'ENTJ', 0.0544);
INSERT INTO mbti_prob_entity (probability_id, guesthouse_id, mbti, probability)
VALUES (44, 3, 'ENTP', 0.0854);
INSERT INTO mbti_prob_entity (probability_id, guesthouse_id, mbti, probability)
VALUES (45, 3, 'ESFJ', 0.0228);
INSERT INTO mbti_prob_entity (probability_id, guesthouse_id, mbti, probability)
VALUES (46, 3, 'ESFP', 0.0359);
INSERT INTO mbti_prob_entity (probability_id, guesthouse_id, mbti, probability)
VALUES (47, 3, 'ESTJ', 0.0169);
INSERT INTO mbti_prob_entity (probability_id, guesthouse_id, mbti, probability)
VALUES (48, 3, 'ESTP', 0.0265);
INSERT INTO mbti_prob_entity (probability_id, guesthouse_id, mbti, probability)
VALUES (49, 4, 'INFJ', 0.1378);
INSERT INTO mbti_prob_entity (probability_id, guesthouse_id, mbti, probability)
VALUES (50, 4, 'INFP', 0.1918);
INSERT INTO mbti_prob_entity (probability_id, guesthouse_id, mbti, probability)
VALUES (51, 4, 'INTJ', 0.1010);
INSERT INTO mbti_prob_entity (probability_id, guesthouse_id, mbti, probability)
VALUES (52, 4, 'INTP', 0.1407);
INSERT INTO mbti_prob_entity (probability_id, guesthouse_id, mbti, probability)
VALUES (53, 4, 'ISFJ', 0.0226);
INSERT INTO mbti_prob_entity (probability_id, guesthouse_id, mbti, probability)
VALUES (54, 4, 'ISFP', 0.0314);
INSERT INTO mbti_prob_entity (probability_id, guesthouse_id, mbti, probability)
VALUES (55, 4, 'ISTJ', 0.0166);
INSERT INTO mbti_prob_entity (probability_id, guesthouse_id, mbti, probability)
VALUES (56, 4, 'ISTP', 0.0231);
INSERT INTO mbti_prob_entity (probability_id, guesthouse_id, mbti, probability)
VALUES (57, 4, 'ENFJ', 0.0694);
INSERT INTO mbti_prob_entity (probability_id, guesthouse_id, mbti, probability)
VALUES (58, 4, 'ENFP', 0.0967);
INSERT INTO mbti_prob_entity (probability_id, guesthouse_id, mbti, probability)
VALUES (59, 4, 'ENTJ', 0.0509);
INSERT INTO mbti_prob_entity (probability_id, guesthouse_id, mbti, probability)
VALUES (60, 4, 'ENTP', 0.0709);
INSERT INTO mbti_prob_entity (probability_id, guesthouse_id, mbti, probability)
VALUES (61, 4, 'ESFJ', 0.0114);
INSERT INTO mbti_prob_entity (probability_id, guesthouse_id, mbti, probability)
VALUES (62, 4, 'ESFP', 0.0158);
INSERT INTO mbti_prob_entity (probability_id, guesthouse_id, mbti, probability)
VALUES (63, 4, 'ESTJ', 0.0083);
INSERT INTO mbti_prob_entity (probability_id, guesthouse_id, mbti, probability)
VALUES (64, 4, 'ESTP', 0.0116);
INSERT INTO mbti_prob_entity (probability_id, guesthouse_id, mbti, probability)
VALUES (65, 5, 'INFJ', 0.1360);
INSERT INTO mbti_prob_entity (probability_id, guesthouse_id, mbti, probability)
VALUES (66, 5, 'INFP', 0.1925);
INSERT INTO mbti_prob_entity (probability_id, guesthouse_id, mbti, probability)
VALUES (67, 5, 'INTJ', 0.0982);
INSERT INTO mbti_prob_entity (probability_id, guesthouse_id, mbti, probability)
VALUES (68, 5, 'INTP', 0.1390);
INSERT INTO mbti_prob_entity (probability_id, guesthouse_id, mbti, probability)
VALUES (69, 5, 'ISFJ', 0.0194);
INSERT INTO mbti_prob_entity (probability_id, guesthouse_id, mbti, probability)
VALUES (70, 5, 'ISFP', 0.0274);
INSERT INTO mbti_prob_entity (probability_id, guesthouse_id, mbti, probability)
VALUES (71, 5, 'ISTJ', 0.0140);
INSERT INTO mbti_prob_entity (probability_id, guesthouse_id, mbti, probability)
VALUES (72, 5, 'ISTP', 0.0198);
INSERT INTO mbti_prob_entity (probability_id, guesthouse_id, mbti, probability)
VALUES (73, 5, 'ENFJ', 0.0744);
INSERT INTO mbti_prob_entity (probability_id, guesthouse_id, mbti, probability)
VALUES (74, 5, 'ENFP', 0.1053);
INSERT INTO mbti_prob_entity (probability_id, guesthouse_id, mbti, probability)
VALUES (75, 5, 'ENTJ', 0.0538);
INSERT INTO mbti_prob_entity (probability_id, guesthouse_id, mbti, probability)
VALUES (76, 5, 'ENTP', 0.0761);
INSERT INTO mbti_prob_entity (probability_id, guesthouse_id, mbti, probability)
VALUES (77, 5, 'ESFJ', 0.0106);
INSERT INTO mbti_prob_entity (probability_id, guesthouse_id, mbti, probability)
VALUES (78, 5, 'ESFP', 0.0150);
INSERT INTO mbti_prob_entity (probability_id, guesthouse_id, mbti, probability)
VALUES (79, 5, 'ESTJ', 0.0077);
INSERT INTO mbti_prob_entity (probability_id, guesthouse_id, mbti, probability)
VALUES (80, 5, 'ESTP', 0.0108);
INSERT INTO mbti_prob_entity (probability_id, guesthouse_id, mbti, probability)
VALUES (81, 6, 'INFJ', 0.0773);
INSERT INTO mbti_prob_entity (probability_id, guesthouse_id, mbti, probability)
VALUES (82, 6, 'INFP', 0.1164);
INSERT INTO mbti_prob_entity (probability_id, guesthouse_id, mbti, probability)
VALUES (83, 6, 'INTJ', 0.0641);
INSERT INTO mbti_prob_entity (probability_id, guesthouse_id, mbti, probability)
VALUES (84, 6, 'INTP', 0.0966);
INSERT INTO mbti_prob_entity (probability_id, guesthouse_id, mbti, probability)
VALUES (85, 6, 'ISFJ', 0.0262);
INSERT INTO mbti_prob_entity (probability_id, guesthouse_id, mbti, probability)
VALUES (86, 6, 'ISFP', 0.0394);
INSERT INTO mbti_prob_entity (probability_id, guesthouse_id, mbti, probability)
VALUES (87, 6, 'ISTJ', 0.0217);
INSERT INTO mbti_prob_entity (probability_id, guesthouse_id, mbti, probability)
VALUES (88, 6, 'ISTP', 0.0327);
INSERT INTO mbti_prob_entity (probability_id, guesthouse_id, mbti, probability)
VALUES (89, 6, 'ENFJ', 0.0856);
INSERT INTO mbti_prob_entity (probability_id, guesthouse_id, mbti, probability)
VALUES (90, 6, 'ENFP', 0.1289);
INSERT INTO mbti_prob_entity (probability_id, guesthouse_id, mbti, probability)
VALUES (91, 6, 'ENTJ', 0.0710);
INSERT INTO mbti_prob_entity (probability_id, guesthouse_id, mbti, probability)
VALUES (92, 6, 'ENTP', 0.1070);
INSERT INTO mbti_prob_entity (probability_id, guesthouse_id, mbti, probability)
VALUES (93, 6, 'ESFJ', 0.0290);
INSERT INTO mbti_prob_entity (probability_id, guesthouse_id, mbti, probability)
VALUES (94, 6, 'ESFP', 0.0437);
INSERT INTO mbti_prob_entity (probability_id, guesthouse_id, mbti, probability)
VALUES (95, 6, 'ESTJ', 0.0241);
INSERT INTO mbti_prob_entity (probability_id, guesthouse_id, mbti, probability)
VALUES (96, 6, 'ESTP', 0.0362);
INSERT INTO mbti_prob_entity (probability_id, guesthouse_id, mbti, probability)
VALUES (97, 7, 'INFJ', 0.1248);
INSERT INTO mbti_prob_entity (probability_id, guesthouse_id, mbti, probability)
VALUES (98, 7, 'INFP', 0.2375);
INSERT INTO mbti_prob_entity (probability_id, guesthouse_id, mbti, probability)
VALUES (99, 7, 'INTJ', 0.0603);
INSERT INTO mbti_prob_entity (probability_id, guesthouse_id, mbti, probability)
VALUES (100, 7, 'INTP', 0.1147);
INSERT INTO mbti_prob_entity (probability_id, guesthouse_id, mbti, probability)
VALUES (101, 7, 'ISFJ', 0.0373);
INSERT INTO mbti_prob_entity (probability_id, guesthouse_id, mbti, probability)
VALUES (102, 7, 'ISFP', 0.0710);
INSERT INTO mbti_prob_entity (probability_id, guesthouse_id, mbti, probability)
VALUES (103, 7, 'ISTJ', 0.0180);
INSERT INTO mbti_prob_entity (probability_id, guesthouse_id, mbti, probability)
VALUES (104, 7, 'ISTP', 0.0343);
INSERT INTO mbti_prob_entity (probability_id, guesthouse_id, mbti, probability)
VALUES (105, 7, 'ENFJ', 0.0540);
INSERT INTO mbti_prob_entity (probability_id, guesthouse_id, mbti, probability)
VALUES (106, 7, 'ENFP', 0.1028);
INSERT INTO mbti_prob_entity (probability_id, guesthouse_id, mbti, probability)
VALUES (107, 7, 'ENTJ', 0.0261);
INSERT INTO mbti_prob_entity (probability_id, guesthouse_id, mbti, probability)
VALUES (108, 7, 'ENTP', 0.0497);
INSERT INTO mbti_prob_entity (probability_id, guesthouse_id, mbti, probability)
VALUES (109, 7, 'ESFJ', 0.0162);
INSERT INTO mbti_prob_entity (probability_id, guesthouse_id, mbti, probability)
VALUES (110, 7, 'ESFP', 0.0307);
INSERT INTO mbti_prob_entity (probability_id, guesthouse_id, mbti, probability)
VALUES (111, 7, 'ESTJ', 0.0078);
INSERT INTO mbti_prob_entity (probability_id, guesthouse_id, mbti, probability)
VALUES (112, 7, 'ESTP', 0.0148);
INSERT INTO mbti_prob_entity (probability_id, guesthouse_id, mbti, probability)
VALUES (113, 8, 'INFJ', 0.1000);
INSERT INTO mbti_prob_entity (probability_id, guesthouse_id, mbti, probability)
VALUES (114, 8, 'INFP', 0.1657);
INSERT INTO mbti_prob_entity (probability_id, guesthouse_id, mbti, probability)
VALUES (115, 8, 'INTJ', 0.0665);
INSERT INTO mbti_prob_entity (probability_id, guesthouse_id, mbti, probability)
VALUES (116, 8, 'INTP', 0.1102);
INSERT INTO mbti_prob_entity (probability_id, guesthouse_id, mbti, probability)
VALUES (117, 8, 'ISFJ', 0.0158);
INSERT INTO mbti_prob_entity (probability_id, guesthouse_id, mbti, probability)
VALUES (118, 8, 'ISFP', 0.0262);
INSERT INTO mbti_prob_entity (probability_id, guesthouse_id, mbti, probability)
VALUES (119, 8, 'ISTJ', 0.0105);
INSERT INTO mbti_prob_entity (probability_id, guesthouse_id, mbti, probability)
VALUES (120, 8, 'ISTP', 0.0174);
INSERT INTO mbti_prob_entity (probability_id, guesthouse_id, mbti, probability)
VALUES (121, 8, 'ENFJ', 0.0951);
INSERT INTO mbti_prob_entity (probability_id, guesthouse_id, mbti, probability)
VALUES (122, 8, 'ENFP', 0.1577);
INSERT INTO mbti_prob_entity (probability_id, guesthouse_id, mbti, probability)
VALUES (123, 8, 'ENTJ', 0.0633);
INSERT INTO mbti_prob_entity (probability_id, guesthouse_id, mbti, probability)
VALUES (124, 8, 'ENTP', 0.1049);
INSERT INTO mbti_prob_entity (probability_id, guesthouse_id, mbti, probability)
VALUES (125, 8, 'ESFJ', 0.0151);
INSERT INTO mbti_prob_entity (probability_id, guesthouse_id, mbti, probability)
VALUES (126, 8, 'ESFP', 0.0249);
INSERT INTO mbti_prob_entity (probability_id, guesthouse_id, mbti, probability)
VALUES (127, 8, 'ESTJ', 0.0100);
INSERT INTO mbti_prob_entity (probability_id, guesthouse_id, mbti, probability)
VALUES (128, 8, 'ESTP', 0.0166);
INSERT INTO mbti_prob_entity (probability_id, guesthouse_id, mbti, probability)
VALUES (129, 9, 'INFJ', 0.1736);
INSERT INTO mbti_prob_entity (probability_id, guesthouse_id, mbti, probability)
VALUES (130, 9, 'INFP', 0.1966);
INSERT INTO mbti_prob_entity (probability_id, guesthouse_id, mbti, probability)
VALUES (131, 9, 'INTJ', 0.0904);
INSERT INTO mbti_prob_entity (probability_id, guesthouse_id, mbti, probability)
VALUES (132, 9, 'INTP', 0.1024);
INSERT INTO mbti_prob_entity (probability_id, guesthouse_id, mbti, probability)
VALUES (133, 9, 'ISFJ', 0.0229);
INSERT INTO mbti_prob_entity (probability_id, guesthouse_id, mbti, probability)
VALUES (134, 9, 'ISFP', 0.0259);
INSERT INTO mbti_prob_entity (probability_id, guesthouse_id, mbti, probability)
VALUES (135, 9, 'ISTJ', 0.0119);
INSERT INTO mbti_prob_entity (probability_id, guesthouse_id, mbti, probability)
VALUES (136, 9, 'ISTP', 0.0135);
INSERT INTO mbti_prob_entity (probability_id, guesthouse_id, mbti, probability)
VALUES (137, 9, 'ENFJ', 0.0989);
INSERT INTO mbti_prob_entity (probability_id, guesthouse_id, mbti, probability)
VALUES (138, 9, 'ENFP', 0.1120);
INSERT INTO mbti_prob_entity (probability_id, guesthouse_id, mbti, probability)
VALUES (139, 9, 'ENTJ', 0.0515);
INSERT INTO mbti_prob_entity (probability_id, guesthouse_id, mbti, probability)
VALUES (140, 9, 'ENTP', 0.0583);
INSERT INTO mbti_prob_entity (probability_id, guesthouse_id, mbti, probability)
VALUES (141, 9, 'ESFJ', 0.0130);
INSERT INTO mbti_prob_entity (probability_id, guesthouse_id, mbti, probability)
VALUES (142, 9, 'ESFP', 0.0148);
INSERT INTO mbti_prob_entity (probability_id, guesthouse_id, mbti, probability)
VALUES (143, 9, 'ESTJ', 0.0068);
INSERT INTO mbti_prob_entity (probability_id, guesthouse_id, mbti, probability)
VALUES (144, 9, 'ESTP', 0.0077);
INSERT INTO mbti_prob_entity (probability_id, guesthouse_id, mbti, probability)
VALUES (145, 10, 'INFJ', 0.0844);
INSERT INTO mbti_prob_entity (probability_id, guesthouse_id, mbti, probability)
VALUES (146, 10, 'INFP', 0.1603);
INSERT INTO mbti_prob_entity (probability_id, guesthouse_id, mbti, probability)
VALUES (147, 10, 'INTJ', 0.0661);
INSERT INTO mbti_prob_entity (probability_id, guesthouse_id, mbti, probability)
VALUES (148, 10, 'INTP', 0.1255);
INSERT INTO mbti_prob_entity (probability_id, guesthouse_id, mbti, probability)
VALUES (149, 10, 'ISFJ', 0.0256);
INSERT INTO mbti_prob_entity (probability_id, guesthouse_id, mbti, probability)
VALUES (150, 10, 'ISFP', 0.0487);
INSERT INTO mbti_prob_entity (probability_id, guesthouse_id, mbti, probability)
VALUES (151, 10, 'ISTJ', 0.0201);
INSERT INTO mbti_prob_entity (probability_id, guesthouse_id, mbti, probability)
VALUES (152, 10, 'ISTP', 0.0381);
INSERT INTO mbti_prob_entity (probability_id, guesthouse_id, mbti, probability)
VALUES (153, 10, 'ENFJ', 0.0640);
INSERT INTO mbti_prob_entity (probability_id, guesthouse_id, mbti, probability)
VALUES (154, 10, 'ENFP', 0.1215);
INSERT INTO mbti_prob_entity (probability_id, guesthouse_id, mbti, probability)
VALUES (155, 10, 'ENTJ', 0.0501);
INSERT INTO mbti_prob_entity (probability_id, guesthouse_id, mbti, probability)
VALUES (156, 10, 'ENTP', 0.0951);
INSERT INTO mbti_prob_entity (probability_id, guesthouse_id, mbti, probability)
VALUES (157, 10, 'ESFJ', 0.0194);
INSERT INTO mbti_prob_entity (probability_id, guesthouse_id, mbti, probability)
VALUES (158, 10, 'ESFP', 0.0369);
INSERT INTO mbti_prob_entity (probability_id, guesthouse_id, mbti, probability)
VALUES (159, 10, 'ESTJ', 0.0152);
INSERT INTO mbti_prob_entity (probability_id, guesthouse_id, mbti, probability)
VALUES (160, 10, 'ESTP', 0.0289);
INSERT INTO mbti_prob_entity (probability_id, guesthouse_id, mbti, probability)
VALUES (161, 11, 'INFJ', 0.1385);
INSERT INTO mbti_prob_entity (probability_id, guesthouse_id, mbti, probability)
VALUES (162, 11, 'INFP', 0.2253);
INSERT INTO mbti_prob_entity (probability_id, guesthouse_id, mbti, probability)
VALUES (163, 11, 'INTJ', 0.0944);
INSERT INTO mbti_prob_entity (probability_id, guesthouse_id, mbti, probability)
VALUES (164, 11, 'INTP', 0.1535);
INSERT INTO mbti_prob_entity (probability_id, guesthouse_id, mbti, probability)
VALUES (165, 11, 'ISFJ', 0.0211);
INSERT INTO mbti_prob_entity (probability_id, guesthouse_id, mbti, probability)
VALUES (166, 11, 'ISFP', 0.0343);
INSERT INTO mbti_prob_entity (probability_id, guesthouse_id, mbti, probability)
VALUES (167, 11, 'ISTJ', 0.0144);
INSERT INTO mbti_prob_entity (probability_id, guesthouse_id, mbti, probability)
VALUES (168, 11, 'ISTP', 0.0234);
INSERT INTO mbti_prob_entity (probability_id, guesthouse_id, mbti, probability)
VALUES (169, 11, 'ENFJ', 0.0580);
INSERT INTO mbti_prob_entity (probability_id, guesthouse_id, mbti, probability)
VALUES (170, 11, 'ENFP', 0.0944);
INSERT INTO mbti_prob_entity (probability_id, guesthouse_id, mbti, probability)
VALUES (171, 11, 'ENTJ', 0.0395);
INSERT INTO mbti_prob_entity (probability_id, guesthouse_id, mbti, probability)
VALUES (172, 11, 'ENTP', 0.0643);
INSERT INTO mbti_prob_entity (probability_id, guesthouse_id, mbti, probability)
VALUES (173, 11, 'ESFJ', 0.0088);
INSERT INTO mbti_prob_entity (probability_id, guesthouse_id, mbti, probability)
VALUES (174, 11, 'ESFP', 0.0144);
INSERT INTO mbti_prob_entity (probability_id, guesthouse_id, mbti, probability)
VALUES (175, 11, 'ESTJ', 0.0060);
INSERT INTO mbti_prob_entity (probability_id, guesthouse_id, mbti, probability)
VALUES (176, 11, 'ESTP', 0.0098);
INSERT INTO mbti_prob_entity (probability_id, guesthouse_id, mbti, probability)
VALUES (177, 12, 'INFJ', 0.1408);
INSERT INTO mbti_prob_entity (probability_id, guesthouse_id, mbti, probability)
VALUES (178, 12, 'INFP', 0.2347);
INSERT INTO mbti_prob_entity (probability_id, guesthouse_id, mbti, probability)
VALUES (179, 12, 'INTJ', 0.0733);
INSERT INTO mbti_prob_entity (probability_id, guesthouse_id, mbti, probability)
VALUES (180, 12, 'INTP', 0.1222);
INSERT INTO mbti_prob_entity (probability_id, guesthouse_id, mbti, probability)
VALUES (181, 12, 'ISFJ', 0.0185);
INSERT INTO mbti_prob_entity (probability_id, guesthouse_id, mbti, probability)
VALUES (182, 12, 'ISFP', 0.0309);
INSERT INTO mbti_prob_entity (probability_id, guesthouse_id, mbti, probability)
VALUES (183, 12, 'ISTJ', 0.0097);
INSERT INTO mbti_prob_entity (probability_id, guesthouse_id, mbti, probability)
VALUES (184, 12, 'ISTP', 0.0161);
INSERT INTO mbti_prob_entity (probability_id, guesthouse_id, mbti, probability)
VALUES (185, 12, 'ENFJ', 0.0771);
INSERT INTO mbti_prob_entity (probability_id, guesthouse_id, mbti, probability)
VALUES (186, 12, 'ENFP', 0.1285);
INSERT INTO mbti_prob_entity (probability_id, guesthouse_id, mbti, probability)
VALUES (187, 12, 'ENTJ', 0.0401);
INSERT INTO mbti_prob_entity (probability_id, guesthouse_id, mbti, probability)
VALUES (188, 12, 'ENTP', 0.0669);
INSERT INTO mbti_prob_entity (probability_id, guesthouse_id, mbti, probability)
VALUES (189, 12, 'ESFJ', 0.0101);
INSERT INTO mbti_prob_entity (probability_id, guesthouse_id, mbti, probability)
VALUES (190, 12, 'ESFP', 0.0169);
INSERT INTO mbti_prob_entity (probability_id, guesthouse_id, mbti, probability)
VALUES (191, 12, 'ESTJ', 0.0053);
INSERT INTO mbti_prob_entity (probability_id, guesthouse_id, mbti, probability)
VALUES (192, 12, 'ESTP', 0.0088);
INSERT INTO mbti_prob_entity (probability_id, guesthouse_id, mbti, probability)
VALUES (193, 13, 'INFJ', 0.1175);
INSERT INTO mbti_prob_entity (probability_id, guesthouse_id, mbti, probability)
VALUES (194, 13, 'INFP', 0.2796);
INSERT INTO mbti_prob_entity (probability_id, guesthouse_id, mbti, probability)
VALUES (195, 13, 'INTJ', 0.0797);
INSERT INTO mbti_prob_entity (probability_id, guesthouse_id, mbti, probability)
VALUES (196, 13, 'INTP', 0.1896);
INSERT INTO mbti_prob_entity (probability_id, guesthouse_id, mbti, probability)
VALUES (197, 13, 'ISFJ', 0.0165);
INSERT INTO mbti_prob_entity (probability_id, guesthouse_id, mbti, probability)
VALUES (198, 13, 'ISFP', 0.0392);
INSERT INTO mbti_prob_entity (probability_id, guesthouse_id, mbti, probability)
VALUES (199, 13, 'ISTJ', 0.0112);
INSERT INTO mbti_prob_entity (probability_id, guesthouse_id, mbti, probability)
VALUES (200, 13, 'ISTP', 0.0266);
INSERT INTO mbti_prob_entity (probability_id, guesthouse_id, mbti, probability)
VALUES (201, 13, 'ENFJ', 0.0372);
INSERT INTO mbti_prob_entity (probability_id, guesthouse_id, mbti, probability)
VALUES (202, 13, 'ENFP', 0.0884);
INSERT INTO mbti_prob_entity (probability_id, guesthouse_id, mbti, probability)
VALUES (203, 13, 'ENTJ', 0.0252);
INSERT INTO mbti_prob_entity (probability_id, guesthouse_id, mbti, probability)
VALUES (204, 13, 'ENTP', 0.0599);
INSERT INTO mbti_prob_entity (probability_id, guesthouse_id, mbti, probability)
VALUES (205, 13, 'ESFJ', 0.0052);
INSERT INTO mbti_prob_entity (probability_id, guesthouse_id, mbti, probability)
VALUES (206, 13, 'ESFP', 0.0124);
INSERT INTO mbti_prob_entity (probability_id, guesthouse_id, mbti, probability)
VALUES (207, 13, 'ESTJ', 0.0035);
INSERT INTO mbti_prob_entity (probability_id, guesthouse_id, mbti, probability)
VALUES (208, 13, 'ESTP', 0.0084);
INSERT INTO mbti_prob_entity (probability_id, guesthouse_id, mbti, probability)
VALUES (209, 14, 'INFJ', 0.1458);
INSERT INTO mbti_prob_entity (probability_id, guesthouse_id, mbti, probability)
VALUES (210, 14, 'INFP', 0.3145);
INSERT INTO mbti_prob_entity (probability_id, guesthouse_id, mbti, probability)
VALUES (211, 14, 'INTJ', 0.0635);
INSERT INTO mbti_prob_entity (probability_id, guesthouse_id, mbti, probability)
VALUES (212, 14, 'INTP', 0.1370);
INSERT INTO mbti_prob_entity (probability_id, guesthouse_id, mbti, probability)
VALUES (213, 14, 'ISFJ', 0.0252);
INSERT INTO mbti_prob_entity (probability_id, guesthouse_id, mbti, probability)
VALUES (214, 14, 'ISFP', 0.0543);
INSERT INTO mbti_prob_entity (probability_id, guesthouse_id, mbti, probability)
VALUES (215, 14, 'ISTJ', 0.0110);
INSERT INTO mbti_prob_entity (probability_id, guesthouse_id, mbti, probability)
VALUES (216, 14, 'ISTP', 0.0236);
INSERT INTO mbti_prob_entity (probability_id, guesthouse_id, mbti, probability)
VALUES (217, 14, 'ENFJ', 0.0423);
INSERT INTO mbti_prob_entity (probability_id, guesthouse_id, mbti, probability)
VALUES (218, 14, 'ENFP', 0.0914);
INSERT INTO mbti_prob_entity (probability_id, guesthouse_id, mbti, probability)
VALUES (219, 14, 'ENTJ', 0.0185);
INSERT INTO mbti_prob_entity (probability_id, guesthouse_id, mbti, probability)
VALUES (220, 14, 'ENTP', 0.0398);
INSERT INTO mbti_prob_entity (probability_id, guesthouse_id, mbti, probability)
VALUES (221, 14, 'ESFJ', 0.0073);
INSERT INTO mbti_prob_entity (probability_id, guesthouse_id, mbti, probability)
VALUES (222, 14, 'ESFP', 0.0158);
INSERT INTO mbti_prob_entity (probability_id, guesthouse_id, mbti, probability)
VALUES (223, 14, 'ESTJ', 0.0032);
INSERT INTO mbti_prob_entity (probability_id, guesthouse_id, mbti, probability)
VALUES (224, 14, 'ESTP', 0.0069);
INSERT INTO mbti_prob_entity (probability_id, guesthouse_id, mbti, probability)
VALUES (225, 15, 'INFJ', 0.1150);
INSERT INTO mbti_prob_entity (probability_id, guesthouse_id, mbti, probability)
VALUES (226, 15, 'INFP', 0.2593);
INSERT INTO mbti_prob_entity (probability_id, guesthouse_id, mbti, probability)
VALUES (227, 15, 'INTJ', 0.0736);
INSERT INTO mbti_prob_entity (probability_id, guesthouse_id, mbti, probability)
VALUES (228, 15, 'INTP', 0.1659);
INSERT INTO mbti_prob_entity (probability_id, guesthouse_id, mbti, probability)
VALUES (229, 15, 'ISFJ', 0.0205);
INSERT INTO mbti_prob_entity (probability_id, guesthouse_id, mbti, probability)
VALUES (230, 15, 'ISFP', 0.0463);
INSERT INTO mbti_prob_entity (probability_id, guesthouse_id, mbti, probability)
VALUES (231, 15, 'ISTJ', 0.0131);
INSERT INTO mbti_prob_entity (probability_id, guesthouse_id, mbti, probability)
VALUES (232, 15, 'ISTP', 0.0296);
INSERT INTO mbti_prob_entity (probability_id, guesthouse_id, mbti, probability)
VALUES (233, 15, 'ENFJ', 0.0440);
INSERT INTO mbti_prob_entity (probability_id, guesthouse_id, mbti, probability)
VALUES (234, 15, 'ENFP', 0.0992);
INSERT INTO mbti_prob_entity (probability_id, guesthouse_id, mbti, probability)
VALUES (235, 15, 'ENTJ', 0.0282);
INSERT INTO mbti_prob_entity (probability_id, guesthouse_id, mbti, probability)
VALUES (236, 15, 'ENTP', 0.0635);
INSERT INTO mbti_prob_entity (probability_id, guesthouse_id, mbti, probability)
VALUES (237, 15, 'ESFJ', 0.0079);
INSERT INTO mbti_prob_entity (probability_id, guesthouse_id, mbti, probability)
VALUES (238, 15, 'ESFP', 0.0177);
INSERT INTO mbti_prob_entity (probability_id, guesthouse_id, mbti, probability)
VALUES (239, 15, 'ESTJ', 0.0050);
INSERT INTO mbti_prob_entity (probability_id, guesthouse_id, mbti, probability)
VALUES (240, 15, 'ESTP', 0.0113);
INSERT INTO mbti_prob_entity (probability_id, guesthouse_id, mbti, probability)
VALUES (241, 16, 'INFJ', 0.1301);
INSERT INTO mbti_prob_entity (probability_id, guesthouse_id, mbti, probability)
VALUES (242, 16, 'INFP', 0.2228);
INSERT INTO mbti_prob_entity (probability_id, guesthouse_id, mbti, probability)
VALUES (243, 16, 'INTJ', 0.0887);
INSERT INTO mbti_prob_entity (probability_id, guesthouse_id, mbti, probability)
VALUES (244, 16, 'INTP', 0.1518);
INSERT INTO mbti_prob_entity (probability_id, guesthouse_id, mbti, probability)
VALUES (245, 16, 'ISFJ', 0.0220);
INSERT INTO mbti_prob_entity (probability_id, guesthouse_id, mbti, probability)
VALUES (246, 16, 'ISFP', 0.0377);
INSERT INTO mbti_prob_entity (probability_id, guesthouse_id, mbti, probability)
VALUES (247, 16, 'ISTJ', 0.0150);
INSERT INTO mbti_prob_entity (probability_id, guesthouse_id, mbti, probability)
VALUES (248, 16, 'ISTP', 0.0257);
INSERT INTO mbti_prob_entity (probability_id, guesthouse_id, mbti, probability)
VALUES (249, 16, 'ENFJ', 0.0574);
INSERT INTO mbti_prob_entity (probability_id, guesthouse_id, mbti, probability)
VALUES (250, 16, 'ENFP', 0.0983);
INSERT INTO mbti_prob_entity (probability_id, guesthouse_id, mbti, probability)
VALUES (251, 16, 'ENTJ', 0.0391);
INSERT INTO mbti_prob_entity (probability_id, guesthouse_id, mbti, probability)
VALUES (252, 16, 'ENTP', 0.0670);
INSERT INTO mbti_prob_entity (probability_id, guesthouse_id, mbti, probability)
VALUES (253, 16, 'ESFJ', 0.0097);
INSERT INTO mbti_prob_entity (probability_id, guesthouse_id, mbti, probability)
VALUES (254, 16, 'ESFP', 0.0167);
INSERT INTO mbti_prob_entity (probability_id, guesthouse_id, mbti, probability)
VALUES (255, 16, 'ESTJ', 0.0066);
INSERT INTO mbti_prob_entity (probability_id, guesthouse_id, mbti, probability)
VALUES (256, 16, 'ESTP', 0.0113);
INSERT INTO mbti_prob_entity (probability_id, guesthouse_id, mbti, probability)
VALUES (257, 17, 'INFJ', 0.1565);
INSERT INTO mbti_prob_entity (probability_id, guesthouse_id, mbti, probability)
VALUES (258, 17, 'INFP', 0.1819);
INSERT INTO mbti_prob_entity (probability_id, guesthouse_id, mbti, probability)
VALUES (259, 17, 'INTJ', 0.1066);
INSERT INTO mbti_prob_entity (probability_id, guesthouse_id, mbti, probability)
VALUES (260, 17, 'INTP', 0.1239);
INSERT INTO mbti_prob_entity (probability_id, guesthouse_id, mbti, probability)
VALUES (261, 17, 'ISFJ', 0.0320);
INSERT INTO mbti_prob_entity (probability_id, guesthouse_id, mbti, probability)
VALUES (262, 17, 'ISFP', 0.0372);
INSERT INTO mbti_prob_entity (probability_id, guesthouse_id, mbti, probability)
VALUES (263, 17, 'ISTJ', 0.0218);
INSERT INTO mbti_prob_entity (probability_id, guesthouse_id, mbti, probability)
VALUES (264, 17, 'ISTP', 0.0254);
INSERT INTO mbti_prob_entity (probability_id, guesthouse_id, mbti, probability)
VALUES (265, 17, 'ENFJ', 0.0718);
INSERT INTO mbti_prob_entity (probability_id, guesthouse_id, mbti, probability)
VALUES (266, 17, 'ENFP', 0.0835);
INSERT INTO mbti_prob_entity (probability_id, guesthouse_id, mbti, probability)
VALUES (267, 17, 'ENTJ', 0.0490);
INSERT INTO mbti_prob_entity (probability_id, guesthouse_id, mbti, probability)
VALUES (268, 17, 'ENTP', 0.0569);
INSERT INTO mbti_prob_entity (probability_id, guesthouse_id, mbti, probability)
VALUES (269, 17, 'ESFJ', 0.0147);
INSERT INTO mbti_prob_entity (probability_id, guesthouse_id, mbti, probability)
VALUES (270, 17, 'ESFP', 0.0171);
INSERT INTO mbti_prob_entity (probability_id, guesthouse_id, mbti, probability)
VALUES (271, 17, 'ESTJ', 0.0100);
INSERT INTO mbti_prob_entity (probability_id, guesthouse_id, mbti, probability)
VALUES (272, 17, 'ESTP', 0.0116);
INSERT INTO mbti_prob_entity (probability_id, guesthouse_id, mbti, probability)
VALUES (273, 18, 'INFJ', 0.1565);
INSERT INTO mbti_prob_entity (probability_id, guesthouse_id, mbti, probability)
VALUES (274, 18, 'INFP', 0.1961);
INSERT INTO mbti_prob_entity (probability_id, guesthouse_id, mbti, probability)
VALUES (275, 18, 'INTJ', 0.1066);
INSERT INTO mbti_prob_entity (probability_id, guesthouse_id, mbti, probability)
VALUES (276, 18, 'INTP', 0.1336);
INSERT INTO mbti_prob_entity (probability_id, guesthouse_id, mbti, probability)
VALUES (277, 18, 'ISFJ', 0.0265);
INSERT INTO mbti_prob_entity (probability_id, guesthouse_id, mbti, probability)
VALUES (278, 18, 'ISFP', 0.0332);
INSERT INTO mbti_prob_entity (probability_id, guesthouse_id, mbti, probability)
VALUES (279, 18, 'ISTJ', 0.0181);
INSERT INTO mbti_prob_entity (probability_id, guesthouse_id, mbti, probability)
VALUES (280, 18, 'ISTP', 0.0226);
INSERT INTO mbti_prob_entity (probability_id, guesthouse_id, mbti, probability)
VALUES (281, 18, 'ENFJ', 0.0692);
INSERT INTO mbti_prob_entity (probability_id, guesthouse_id, mbti, probability)
VALUES (282, 18, 'ENFP', 0.0867);
INSERT INTO mbti_prob_entity (probability_id, guesthouse_id, mbti, probability)
VALUES (283, 18, 'ENTJ', 0.0472);
INSERT INTO mbti_prob_entity (probability_id, guesthouse_id, mbti, probability)
VALUES (284, 18, 'ENTP', 0.0591);
INSERT INTO mbti_prob_entity (probability_id, guesthouse_id, mbti, probability)
VALUES (285, 18, 'ESFJ', 0.0117);
INSERT INTO mbti_prob_entity (probability_id, guesthouse_id, mbti, probability)
VALUES (286, 18, 'ESFP', 0.0147);
INSERT INTO mbti_prob_entity (probability_id, guesthouse_id, mbti, probability)
VALUES (287, 18, 'ESTJ', 0.0080);
INSERT INTO mbti_prob_entity (probability_id, guesthouse_id, mbti, probability)
VALUES (288, 18, 'ESTP', 0.0100);
INSERT INTO mbti_prob_entity (probability_id, guesthouse_id, mbti, probability)
VALUES (289, 19, 'INFJ', 0.1223);
INSERT INTO mbti_prob_entity (probability_id, guesthouse_id, mbti, probability)
VALUES (290, 19, 'INFP', 0.2757);
INSERT INTO mbti_prob_entity (probability_id, guesthouse_id, mbti, probability)
VALUES (291, 19, 'INTJ', 0.0783);
INSERT INTO mbti_prob_entity (probability_id, guesthouse_id, mbti, probability)
VALUES (292, 19, 'INTP', 0.1764);
INSERT INTO mbti_prob_entity (probability_id, guesthouse_id, mbti, probability)
VALUES (293, 19, 'ISFJ', 0.0167);
INSERT INTO mbti_prob_entity (probability_id, guesthouse_id, mbti, probability)
VALUES (294, 19, 'ISFP', 0.0377);
INSERT INTO mbti_prob_entity (probability_id, guesthouse_id, mbti, probability)
VALUES (295, 19, 'ISTJ', 0.0107);
INSERT INTO mbti_prob_entity (probability_id, guesthouse_id, mbti, probability)
VALUES (296, 19, 'ISTP', 0.0241);
INSERT INTO mbti_prob_entity (probability_id, guesthouse_id, mbti, probability)
VALUES (297, 19, 'ENFJ', 0.0426);
INSERT INTO mbti_prob_entity (probability_id, guesthouse_id, mbti, probability)
VALUES (298, 19, 'ENFP', 0.0959);
INSERT INTO mbti_prob_entity (probability_id, guesthouse_id, mbti, probability)
VALUES (299, 19, 'ENTJ', 0.0272);
INSERT INTO mbti_prob_entity (probability_id, guesthouse_id, mbti, probability)
VALUES (300, 19, 'ENTP', 0.0614);
INSERT INTO mbti_prob_entity (probability_id, guesthouse_id, mbti, probability)
VALUES (301, 19, 'ESFJ', 0.0058);
INSERT INTO mbti_prob_entity (probability_id, guesthouse_id, mbti, probability)
VALUES (302, 19, 'ESFP', 0.0131);
INSERT INTO mbti_prob_entity (probability_id, guesthouse_id, mbti, probability)
VALUES (303, 19, 'ESTJ', 0.0037);
INSERT INTO mbti_prob_entity (probability_id, guesthouse_id, mbti, probability)
VALUES (304, 19, 'ESTP', 0.0084);
INSERT INTO mbti_prob_entity (probability_id, guesthouse_id, mbti, probability)
VALUES (305, 20, 'INFJ', 0.1415);
INSERT INTO mbti_prob_entity (probability_id, guesthouse_id, mbti, probability)
VALUES (306, 20, 'INFP', 0.2302);
INSERT INTO mbti_prob_entity (probability_id, guesthouse_id, mbti, probability)
VALUES (307, 20, 'INTJ', 0.1018);
INSERT INTO mbti_prob_entity (probability_id, guesthouse_id, mbti, probability)
VALUES (308, 20, 'INTP', 0.1656);
INSERT INTO mbti_prob_entity (probability_id, guesthouse_id, mbti, probability)
VALUES (309, 20, 'ISFJ', 0.0244);
INSERT INTO mbti_prob_entity (probability_id, guesthouse_id, mbti, probability)
VALUES (310, 20, 'ISFP', 0.0397);
INSERT INTO mbti_prob_entity (probability_id, guesthouse_id, mbti, probability)
VALUES (311, 20, 'ISTJ', 0.0176);
INSERT INTO mbti_prob_entity (probability_id, guesthouse_id, mbti, probability)
VALUES (312, 20, 'ISTP', 0.0286);
INSERT INTO mbti_prob_entity (probability_id, guesthouse_id, mbti, probability)
VALUES (313, 20, 'ENFJ', 0.0473);
INSERT INTO mbti_prob_entity (probability_id, guesthouse_id, mbti, probability)
VALUES (314, 20, 'ENFP', 0.0770);
INSERT INTO mbti_prob_entity (probability_id, guesthouse_id, mbti, probability)
VALUES (315, 20, 'ENTJ', 0.0340);
INSERT INTO mbti_prob_entity (probability_id, guesthouse_id, mbti, probability)
VALUES (316, 20, 'ENTP', 0.0554);
INSERT INTO mbti_prob_entity (probability_id, guesthouse_id, mbti, probability)
VALUES (317, 20, 'ESFJ', 0.0082);
INSERT INTO mbti_prob_entity (probability_id, guesthouse_id, mbti, probability)
VALUES (318, 20, 'ESFP', 0.0133);
INSERT INTO mbti_prob_entity (probability_id, guesthouse_id, mbti, probability)
VALUES (319, 20, 'ESTJ', 0.0059);
INSERT INTO mbti_prob_entity (probability_id, guesthouse_id, mbti, probability)
VALUES (320, 20, 'ESTP', 0.0096);
INSERT INTO mbti_prob_entity (probability_id, guesthouse_id, mbti, probability)
VALUES (321, 21, 'INFJ', 0.1326);
INSERT INTO mbti_prob_entity (probability_id, guesthouse_id, mbti, probability)
VALUES (322, 21, 'INFP', 0.1829);
INSERT INTO mbti_prob_entity (probability_id, guesthouse_id, mbti, probability)
VALUES (323, 21, 'INTJ', 0.0954);
INSERT INTO mbti_prob_entity (probability_id, guesthouse_id, mbti, probability)
VALUES (324, 21, 'INTP', 0.1316);
INSERT INTO mbti_prob_entity (probability_id, guesthouse_id, mbti, probability)
VALUES (325, 21, 'ISFJ', 0.0217);
INSERT INTO mbti_prob_entity (probability_id, guesthouse_id, mbti, probability)
VALUES (326, 21, 'ISFP', 0.0300);
INSERT INTO mbti_prob_entity (probability_id, guesthouse_id, mbti, probability)
VALUES (327, 21, 'ISTJ', 0.0156);
INSERT INTO mbti_prob_entity (probability_id, guesthouse_id, mbti, probability)
VALUES (328, 21, 'ISTP', 0.0216);
INSERT INTO mbti_prob_entity (probability_id, guesthouse_id, mbti, probability)
VALUES (329, 21, 'ENFJ', 0.0774);
INSERT INTO mbti_prob_entity (probability_id, guesthouse_id, mbti, probability)
VALUES (330, 21, 'ENFP', 0.1067);
INSERT INTO mbti_prob_entity (probability_id, guesthouse_id, mbti, probability)
VALUES (331, 21, 'ENTJ', 0.0557);
INSERT INTO mbti_prob_entity (probability_id, guesthouse_id, mbti, probability)
VALUES (332, 21, 'ENTP', 0.0768);
INSERT INTO mbti_prob_entity (probability_id, guesthouse_id, mbti, probability)
VALUES (333, 21, 'ESFJ', 0.0127);
INSERT INTO mbti_prob_entity (probability_id, guesthouse_id, mbti, probability)
VALUES (334, 21, 'ESFP', 0.0175);
INSERT INTO mbti_prob_entity (probability_id, guesthouse_id, mbti, probability)
VALUES (335, 21, 'ESTJ', 0.0091);
INSERT INTO mbti_prob_entity (probability_id, guesthouse_id, mbti, probability)
VALUES (336, 21, 'ESTP', 0.0126);
INSERT INTO mbti_prob_entity (probability_id, guesthouse_id, mbti, probability)
VALUES (337, 22, 'INFJ', 0.1468);
INSERT INTO mbti_prob_entity (probability_id, guesthouse_id, mbti, probability)
VALUES (338, 22, 'INFP', 0.1974);
INSERT INTO mbti_prob_entity (probability_id, guesthouse_id, mbti, probability)
VALUES (339, 22, 'INTJ', 0.1061);
INSERT INTO mbti_prob_entity (probability_id, guesthouse_id, mbti, probability)
VALUES (340, 22, 'INTP', 0.1426);
INSERT INTO mbti_prob_entity (probability_id, guesthouse_id, mbti, probability)
VALUES (341, 22, 'ISFJ', 0.0187);
INSERT INTO mbti_prob_entity (probability_id, guesthouse_id, mbti, probability)
VALUES (342, 22, 'ISFP', 0.0252);
INSERT INTO mbti_prob_entity (probability_id, guesthouse_id, mbti, probability)
VALUES (343, 22, 'ISTJ', 0.0135);
INSERT INTO mbti_prob_entity (probability_id, guesthouse_id, mbti, probability)
VALUES (344, 22, 'ISTP', 0.0182);
INSERT INTO mbti_prob_entity (probability_id, guesthouse_id, mbti, probability)
VALUES (345, 22, 'ENFJ', 0.0728);
INSERT INTO mbti_prob_entity (probability_id, guesthouse_id, mbti, probability)
VALUES (346, 22, 'ENFP', 0.0979);
INSERT INTO mbti_prob_entity (probability_id, guesthouse_id, mbti, probability)
VALUES (347, 22, 'ENTJ', 0.0526);
INSERT INTO mbti_prob_entity (probability_id, guesthouse_id, mbti, probability)
VALUES (348, 22, 'ENTP', 0.0707);
INSERT INTO mbti_prob_entity (probability_id, guesthouse_id, mbti, probability)
VALUES (349, 22, 'ESFJ', 0.0093);
INSERT INTO mbti_prob_entity (probability_id, guesthouse_id, mbti, probability)
VALUES (350, 22, 'ESFP', 0.0125);
INSERT INTO mbti_prob_entity (probability_id, guesthouse_id, mbti, probability)
VALUES (351, 22, 'ESTJ', 0.0067);
INSERT INTO mbti_prob_entity (probability_id, guesthouse_id, mbti, probability)
VALUES (352, 22, 'ESTP', 0.0090);
INSERT INTO mbti_prob_entity (probability_id, guesthouse_id, mbti, probability)
VALUES (353, 23, 'INFJ', 0.1281);
INSERT INTO mbti_prob_entity (probability_id, guesthouse_id, mbti, probability)
VALUES (354, 23, 'INFP', 0.2194);
INSERT INTO mbti_prob_entity (probability_id, guesthouse_id, mbti, probability)
VALUES (355, 23, 'INTJ', 0.0922);
INSERT INTO mbti_prob_entity (probability_id, guesthouse_id, mbti, probability)
VALUES (356, 23, 'INTP', 0.1578);
INSERT INTO mbti_prob_entity (probability_id, guesthouse_id, mbti, probability)
VALUES (357, 23, 'ISFJ', 0.0188);
INSERT INTO mbti_prob_entity (probability_id, guesthouse_id, mbti, probability)
VALUES (358, 23, 'ISFP', 0.0322);
INSERT INTO mbti_prob_entity (probability_id, guesthouse_id, mbti, probability)
VALUES (359, 23, 'ISTJ', 0.0136);
INSERT INTO mbti_prob_entity (probability_id, guesthouse_id, mbti, probability)
VALUES (360, 23, 'ISTP', 0.0232);
INSERT INTO mbti_prob_entity (probability_id, guesthouse_id, mbti, probability)
VALUES (361, 23, 'ENFJ', 0.0588);
INSERT INTO mbti_prob_entity (probability_id, guesthouse_id, mbti, probability)
VALUES (362, 23, 'ENFP', 0.1007);
INSERT INTO mbti_prob_entity (probability_id, guesthouse_id, mbti, probability)
VALUES (363, 23, 'ENTJ', 0.0423);
INSERT INTO mbti_prob_entity (probability_id, guesthouse_id, mbti, probability)
VALUES (364, 23, 'ENTP', 0.0725);
INSERT INTO mbti_prob_entity (probability_id, guesthouse_id, mbti, probability)
VALUES (365, 23, 'ESFJ', 0.0086);
INSERT INTO mbti_prob_entity (probability_id, guesthouse_id, mbti, probability)
VALUES (366, 23, 'ESFP', 0.0148);
INSERT INTO mbti_prob_entity (probability_id, guesthouse_id, mbti, probability)
VALUES (367, 23, 'ESTJ', 0.0062);
INSERT INTO mbti_prob_entity (probability_id, guesthouse_id, mbti, probability)
VALUES (368, 23, 'ESTP', 0.0107);
INSERT INTO mbti_prob_entity (probability_id, guesthouse_id, mbti, probability)
VALUES (369, 24, 'INFJ', 0.1260);
INSERT INTO mbti_prob_entity (probability_id, guesthouse_id, mbti, probability)
VALUES (370, 24, 'INFP', 0.2157);
INSERT INTO mbti_prob_entity (probability_id, guesthouse_id, mbti, probability)
VALUES (371, 24, 'INTJ', 0.1034);
INSERT INTO mbti_prob_entity (probability_id, guesthouse_id, mbti, probability)
VALUES (372, 24, 'INTP', 0.1771);
INSERT INTO mbti_prob_entity (probability_id, guesthouse_id, mbti, probability)
VALUES (373, 24, 'ISFJ', 0.0167);
INSERT INTO mbti_prob_entity (probability_id, guesthouse_id, mbti, probability)
VALUES (374, 24, 'ISFP', 0.0286);
INSERT INTO mbti_prob_entity (probability_id, guesthouse_id, mbti, probability)
VALUES (375, 24, 'ISTJ', 0.0137);
INSERT INTO mbti_prob_entity (probability_id, guesthouse_id, mbti, probability)
VALUES (376, 24, 'ISTP', 0.0234);
INSERT INTO mbti_prob_entity (probability_id, guesthouse_id, mbti, probability)
VALUES (377, 24, 'ENFJ', 0.0528);
INSERT INTO mbti_prob_entity (probability_id, guesthouse_id, mbti, probability)
VALUES (378, 24, 'ENFP', 0.0904);
INSERT INTO mbti_prob_entity (probability_id, guesthouse_id, mbti, probability)
VALUES (379, 24, 'ENTJ', 0.0434);
INSERT INTO mbti_prob_entity (probability_id, guesthouse_id, mbti, probability)
VALUES (380, 24, 'ENTP', 0.0743);
INSERT INTO mbti_prob_entity (probability_id, guesthouse_id, mbti, probability)
VALUES (381, 24, 'ESFJ', 0.0070);
INSERT INTO mbti_prob_entity (probability_id, guesthouse_id, mbti, probability)
VALUES (382, 24, 'ESFP', 0.0120);
INSERT INTO mbti_prob_entity (probability_id, guesthouse_id, mbti, probability)
VALUES (383, 24, 'ESTJ', 0.0057);
INSERT INTO mbti_prob_entity (probability_id, guesthouse_id, mbti, probability)
VALUES (384, 24, 'ESTP', 0.0098);
INSERT INTO mbti_prob_entity (probability_id, guesthouse_id, mbti, probability)
VALUES (385, 25, 'INFJ', 0.1149);
INSERT INTO mbti_prob_entity (probability_id, guesthouse_id, mbti, probability)
VALUES (386, 25, 'INFP', 0.2480);
INSERT INTO mbti_prob_entity (probability_id, guesthouse_id, mbti, probability)
VALUES (387, 25, 'INTJ', 0.0735);
INSERT INTO mbti_prob_entity (probability_id, guesthouse_id, mbti, probability)
VALUES (388, 25, 'INTP', 0.1587);
INSERT INTO mbti_prob_entity (probability_id, guesthouse_id, mbti, probability)
VALUES (389, 25, 'ISFJ', 0.0166);
INSERT INTO mbti_prob_entity (probability_id, guesthouse_id, mbti, probability)
VALUES (390, 25, 'ISFP', 0.0359);
INSERT INTO mbti_prob_entity (probability_id, guesthouse_id, mbti, probability)
VALUES (391, 25, 'ISTJ', 0.0106);
INSERT INTO mbti_prob_entity (probability_id, guesthouse_id, mbti, probability)
VALUES (392, 25, 'ISTP', 0.0229);
INSERT INTO mbti_prob_entity (probability_id, guesthouse_id, mbti, probability)
VALUES (393, 25, 'ENFJ', 0.0538);
INSERT INTO mbti_prob_entity (probability_id, guesthouse_id, mbti, probability)
VALUES (394, 25, 'ENFP', 0.1161);
INSERT INTO mbti_prob_entity (probability_id, guesthouse_id, mbti, probability)
VALUES (395, 25, 'ENTJ', 0.0344);
INSERT INTO mbti_prob_entity (probability_id, guesthouse_id, mbti, probability)
VALUES (396, 25, 'ENTP', 0.0743);
INSERT INTO mbti_prob_entity (probability_id, guesthouse_id, mbti, probability)
VALUES (397, 25, 'ESFJ', 0.0078);
INSERT INTO mbti_prob_entity (probability_id, guesthouse_id, mbti, probability)
VALUES (398, 25, 'ESFP', 0.0168);
INSERT INTO mbti_prob_entity (probability_id, guesthouse_id, mbti, probability)
VALUES (399, 25, 'ESTJ', 0.0050);
INSERT INTO mbti_prob_entity (probability_id, guesthouse_id, mbti, probability)
VALUES (400, 25, 'ESTP', 0.0107);
INSERT INTO mbti_prob_entity (probability_id, guesthouse_id, mbti, probability)
VALUES (401, 26, 'INFJ', 0.1209);
INSERT INTO mbti_prob_entity (probability_id, guesthouse_id, mbti, probability)
VALUES (402, 26, 'INFP', 0.2048);
INSERT INTO mbti_prob_entity (probability_id, guesthouse_id, mbti, probability)
VALUES (403, 26, 'INTJ', 0.0873);
INSERT INTO mbti_prob_entity (probability_id, guesthouse_id, mbti, probability)
VALUES (404, 26, 'INTP', 0.1479);
INSERT INTO mbti_prob_entity (probability_id, guesthouse_id, mbti, probability)
VALUES (405, 26, 'ISFJ', 0.0152);
INSERT INTO mbti_prob_entity (probability_id, guesthouse_id, mbti, probability)
VALUES (406, 26, 'ISFP', 0.0257);
INSERT INTO mbti_prob_entity (probability_id, guesthouse_id, mbti, probability)
VALUES (407, 26, 'ISTJ', 0.0110);
INSERT INTO mbti_prob_entity (probability_id, guesthouse_id, mbti, probability)
VALUES (408, 26, 'ISTP', 0.0186);
INSERT INTO mbti_prob_entity (probability_id, guesthouse_id, mbti, probability)
VALUES (409, 26, 'ENFJ', 0.0706);
INSERT INTO mbti_prob_entity (probability_id, guesthouse_id, mbti, probability)
VALUES (410, 26, 'ENFP', 0.1196);
INSERT INTO mbti_prob_entity (probability_id, guesthouse_id, mbti, probability)
VALUES (411, 26, 'ENTJ', 0.0510);
INSERT INTO mbti_prob_entity (probability_id, guesthouse_id, mbti, probability)
VALUES (412, 26, 'ENTP', 0.0864);
INSERT INTO mbti_prob_entity (probability_id, guesthouse_id, mbti, probability)
VALUES (413, 26, 'ESFJ', 0.0089);
INSERT INTO mbti_prob_entity (probability_id, guesthouse_id, mbti, probability)
VALUES (414, 26, 'ESFP', 0.0150);
INSERT INTO mbti_prob_entity (probability_id, guesthouse_id, mbti, probability)
VALUES (415, 26, 'ESTJ', 0.0064);
INSERT INTO mbti_prob_entity (probability_id, guesthouse_id, mbti, probability)
VALUES (416, 26, 'ESTP', 0.0108);
INSERT INTO mbti_prob_entity (probability_id, guesthouse_id, mbti, probability)
VALUES (417, 27, 'INFJ', 0.1505);
INSERT INTO mbti_prob_entity (probability_id, guesthouse_id, mbti, probability)
VALUES (418, 27, 'INFP', 0.2130);
INSERT INTO mbti_prob_entity (probability_id, guesthouse_id, mbti, probability)
VALUES (419, 27, 'INTJ', 0.1087);
INSERT INTO mbti_prob_entity (probability_id, guesthouse_id, mbti, probability)
VALUES (420, 27, 'INTP', 0.1539);
INSERT INTO mbti_prob_entity (probability_id, guesthouse_id, mbti, probability)
VALUES (421, 27, 'ISFJ', 0.0189);
INSERT INTO mbti_prob_entity (probability_id, guesthouse_id, mbti, probability)
VALUES (422, 27, 'ISFP', 0.0267);
INSERT INTO mbti_prob_entity (probability_id, guesthouse_id, mbti, probability)
VALUES (423, 27, 'ISTJ', 0.0136);
INSERT INTO mbti_prob_entity (probability_id, guesthouse_id, mbti, probability)
VALUES (424, 27, 'ISTP', 0.0193);
INSERT INTO mbti_prob_entity (probability_id, guesthouse_id, mbti, probability)
VALUES (425, 27, 'ENFJ', 0.0631);
INSERT INTO mbti_prob_entity (probability_id, guesthouse_id, mbti, probability)
VALUES (426, 27, 'ENFP', 0.0893);
INSERT INTO mbti_prob_entity (probability_id, guesthouse_id, mbti, probability)
VALUES (427, 27, 'ENTJ', 0.0456);
INSERT INTO mbti_prob_entity (probability_id, guesthouse_id, mbti, probability)
VALUES (428, 27, 'ENTP', 0.0645);
INSERT INTO mbti_prob_entity (probability_id, guesthouse_id, mbti, probability)
VALUES (429, 27, 'ESFJ', 0.0079);
INSERT INTO mbti_prob_entity (probability_id, guesthouse_id, mbti, probability)
VALUES (430, 27, 'ESFP', 0.0112);
INSERT INTO mbti_prob_entity (probability_id, guesthouse_id, mbti, probability)
VALUES (431, 27, 'ESTJ', 0.0057);
INSERT INTO mbti_prob_entity (probability_id, guesthouse_id, mbti, probability)
VALUES (432, 27, 'ESTP', 0.0081);
INSERT INTO mbti_prob_entity (probability_id, guesthouse_id, mbti, probability)
VALUES (433, 28, 'INFJ', 0.1820);
INSERT INTO mbti_prob_entity (probability_id, guesthouse_id, mbti, probability)
VALUES (434, 28, 'INFP', 0.2010);
INSERT INTO mbti_prob_entity (probability_id, guesthouse_id, mbti, probability)
VALUES (435, 28, 'INTJ', 0.1240);
INSERT INTO mbti_prob_entity (probability_id, guesthouse_id, mbti, probability)
VALUES (436, 28, 'INTP', 0.1369);
INSERT INTO mbti_prob_entity (probability_id, guesthouse_id, mbti, probability)
VALUES (437, 28, 'ISFJ', 0.0277);
INSERT INTO mbti_prob_entity (probability_id, guesthouse_id, mbti, probability)
VALUES (438, 28, 'ISFP', 0.0306);
INSERT INTO mbti_prob_entity (probability_id, guesthouse_id, mbti, probability)
VALUES (439, 28, 'ISTJ', 0.0189);
INSERT INTO mbti_prob_entity (probability_id, guesthouse_id, mbti, probability)
VALUES (440, 28, 'ISTP', 0.0209);
INSERT INTO mbti_prob_entity (probability_id, guesthouse_id, mbti, probability)
VALUES (441, 28, 'ENFJ', 0.0633);
INSERT INTO mbti_prob_entity (probability_id, guesthouse_id, mbti, probability)
VALUES (442, 28, 'ENFP', 0.0699);
INSERT INTO mbti_prob_entity (probability_id, guesthouse_id, mbti, probability)
VALUES (443, 28, 'ENTJ', 0.0431);
INSERT INTO mbti_prob_entity (probability_id, guesthouse_id, mbti, probability)
VALUES (444, 28, 'ENTP', 0.0476);
INSERT INTO mbti_prob_entity (probability_id, guesthouse_id, mbti, probability)
VALUES (445, 28, 'ESFJ', 0.0096);
INSERT INTO mbti_prob_entity (probability_id, guesthouse_id, mbti, probability)
VALUES (446, 28, 'ESFP', 0.0106);
INSERT INTO mbti_prob_entity (probability_id, guesthouse_id, mbti, probability)
VALUES (447, 28, 'ESTJ', 0.0066);
INSERT INTO mbti_prob_entity (probability_id, guesthouse_id, mbti, probability)
VALUES (448, 28, 'ESTP', 0.0073);
INSERT INTO mbti_prob_entity (probability_id, guesthouse_id, mbti, probability)
VALUES (449, 29, 'INFJ', 0.1197);
INSERT INTO mbti_prob_entity (probability_id, guesthouse_id, mbti, probability)
VALUES (450, 29, 'INFP', 0.2029);
INSERT INTO mbti_prob_entity (probability_id, guesthouse_id, mbti, probability)
VALUES (451, 29, 'INTJ', 0.0846);
INSERT INTO mbti_prob_entity (probability_id, guesthouse_id, mbti, probability)
VALUES (452, 29, 'INTP', 0.1433);
INSERT INTO mbti_prob_entity (probability_id, guesthouse_id, mbti, probability)
VALUES (453, 29, 'ISFJ', 0.0196);
INSERT INTO mbti_prob_entity (probability_id, guesthouse_id, mbti, probability)
VALUES (454, 29, 'ISFP', 0.0332);
INSERT INTO mbti_prob_entity (probability_id, guesthouse_id, mbti, probability)
VALUES (455, 29, 'ISTJ', 0.0138);
INSERT INTO mbti_prob_entity (probability_id, guesthouse_id, mbti, probability)
VALUES (456, 29, 'ISTP', 0.0234);
INSERT INTO mbti_prob_entity (probability_id, guesthouse_id, mbti, probability)
VALUES (457, 29, 'ENFJ', 0.0672);
INSERT INTO mbti_prob_entity (probability_id, guesthouse_id, mbti, probability)
VALUES (458, 29, 'ENFP', 0.1139);
INSERT INTO mbti_prob_entity (probability_id, guesthouse_id, mbti, probability)
VALUES (459, 29, 'ENTJ', 0.0475);
INSERT INTO mbti_prob_entity (probability_id, guesthouse_id, mbti, probability)
VALUES (460, 29, 'ENTP', 0.0804);
INSERT INTO mbti_prob_entity (probability_id, guesthouse_id, mbti, probability)
VALUES (461, 29, 'ESFJ', 0.0110);
INSERT INTO mbti_prob_entity (probability_id, guesthouse_id, mbti, probability)
VALUES (462, 29, 'ESFP', 0.0186);
INSERT INTO mbti_prob_entity (probability_id, guesthouse_id, mbti, probability)
VALUES (463, 29, 'ESTJ', 0.0078);
INSERT INTO mbti_prob_entity (probability_id, guesthouse_id, mbti, probability)
VALUES (464, 29, 'ESTP', 0.0132);
INSERT INTO mbti_prob_entity (probability_id, guesthouse_id, mbti, probability)
VALUES (465, 30, 'INFJ', 0.1452);
INSERT INTO mbti_prob_entity (probability_id, guesthouse_id, mbti, probability)
VALUES (466, 30, 'INFP', 0.2059);
INSERT INTO mbti_prob_entity (probability_id, guesthouse_id, mbti, probability)
VALUES (467, 30, 'INTJ', 0.1004);
INSERT INTO mbti_prob_entity (probability_id, guesthouse_id, mbti, probability)
VALUES (468, 30, 'INTP', 0.1423);
INSERT INTO mbti_prob_entity (probability_id, guesthouse_id, mbti, probability)
VALUES (469, 30, 'ISFJ', 0.0193);
INSERT INTO mbti_prob_entity (probability_id, guesthouse_id, mbti, probability)
VALUES (470, 30, 'ISFP', 0.0274);
INSERT INTO mbti_prob_entity (probability_id, guesthouse_id, mbti, probability)
VALUES (471, 30, 'ISTJ', 0.0134);
INSERT INTO mbti_prob_entity (probability_id, guesthouse_id, mbti, probability)
VALUES (472, 30, 'ISTP', 0.0190);
INSERT INTO mbti_prob_entity (probability_id, guesthouse_id, mbti, probability)
VALUES (473, 30, 'ENFJ', 0.0706);
INSERT INTO mbti_prob_entity (probability_id, guesthouse_id, mbti, probability)
VALUES (474, 30, 'ENFP', 0.1001);
INSERT INTO mbti_prob_entity (probability_id, guesthouse_id, mbti, probability)
VALUES (475, 30, 'ENTJ', 0.0488);
INSERT INTO mbti_prob_entity (probability_id, guesthouse_id, mbti, probability)
VALUES (476, 30, 'ENTP', 0.0692);
INSERT INTO mbti_prob_entity (probability_id, guesthouse_id, mbti, probability)
VALUES (477, 30, 'ESFJ', 0.0094);
INSERT INTO mbti_prob_entity (probability_id, guesthouse_id, mbti, probability)
VALUES (478, 30, 'ESFP', 0.0133);
INSERT INTO mbti_prob_entity (probability_id, guesthouse_id, mbti, probability)
VALUES (479, 30, 'ESTJ', 0.0065);
INSERT INTO mbti_prob_entity (probability_id, guesthouse_id, mbti, probability)
VALUES (480, 30, 'ESTP', 0.0092);


INSERT INTO mbti_prob_entity (probability_id, guesthouse_id, mbti, probability)
VALUES (481, 31, 'INFJ', 0.1400);
INSERT INTO mbti_prob_entity (probability_id, guesthouse_id, mbti, probability)
VALUES (482, 31, 'INFP', 0.2289);
INSERT INTO mbti_prob_entity (probability_id, guesthouse_id, mbti, probability)
VALUES (483, 31, 'INTJ', 0.1181);
INSERT INTO mbti_prob_entity (probability_id, guesthouse_id, mbti, probability)
VALUES (484, 31, 'INTP', 0.1930);
INSERT INTO mbti_prob_entity (probability_id, guesthouse_id, mbti, probability)
VALUES (485, 31, 'ISFJ', 0.0199);
INSERT INTO mbti_prob_entity (probability_id, guesthouse_id, mbti, probability)
VALUES (486, 31, 'ISFP', 0.0325);
INSERT INTO mbti_prob_entity (probability_id, guesthouse_id, mbti, probability)
VALUES (487, 31, 'ISTJ', 0.0168);
INSERT INTO mbti_prob_entity (probability_id, guesthouse_id, mbti, probability)
VALUES (488, 31, 'ISTP', 0.0274);
INSERT INTO mbti_prob_entity (probability_id, guesthouse_id, mbti, probability)
VALUES (489, 31, 'ENFJ', 0.0403);
INSERT INTO mbti_prob_entity (probability_id, guesthouse_id, mbti, probability)
VALUES (490, 31, 'ENFP', 0.0658);
INSERT INTO mbti_prob_entity (probability_id, guesthouse_id, mbti, probability)
VALUES (491, 31, 'ENTJ', 0.0340);
INSERT INTO mbti_prob_entity (probability_id, guesthouse_id, mbti, probability)
VALUES (492, 31, 'ENTP', 0.0555);
INSERT INTO mbti_prob_entity (probability_id, guesthouse_id, mbti, probability)
VALUES (493, 31, 'ESFJ', 0.0057);
INSERT INTO mbti_prob_entity (probability_id, guesthouse_id, mbti, probability)
VALUES (494, 31, 'ESFP', 0.0093);
INSERT INTO mbti_prob_entity (probability_id, guesthouse_id, mbti, probability)
VALUES (495, 31, 'ESTJ', 0.0048);
INSERT INTO mbti_prob_entity (probability_id, guesthouse_id, mbti, probability)
VALUES (496, 31, 'ESTP', 0.0079);
INSERT INTO mbti_prob_entity (probability_id, guesthouse_id, mbti, probability)
VALUES (497, 32, 'INFJ', 0.0784);
INSERT INTO mbti_prob_entity (probability_id, guesthouse_id, mbti, probability)
VALUES (498, 32, 'INFP', 0.1231);
INSERT INTO mbti_prob_entity (probability_id, guesthouse_id, mbti, probability)
VALUES (499, 32, 'INTJ', 0.0784);
INSERT INTO mbti_prob_entity (probability_id, guesthouse_id, mbti, probability)
VALUES (500, 32, 'INTP', 0.1231);
INSERT INTO mbti_prob_entity (probability_id, guesthouse_id, mbti, probability)
VALUES (501, 32, 'ISFJ', 0.0243);
INSERT INTO mbti_prob_entity (probability_id, guesthouse_id, mbti, probability)
VALUES (502, 32, 'ISFP', 0.0381);
INSERT INTO mbti_prob_entity (probability_id, guesthouse_id, mbti, probability)
VALUES (503, 32, 'ISTJ', 0.0243);
INSERT INTO mbti_prob_entity (probability_id, guesthouse_id, mbti, probability)
VALUES (504, 32, 'ISTP', 0.0381);
INSERT INTO mbti_prob_entity (probability_id, guesthouse_id, mbti, probability)
VALUES (505, 32, 'ENFJ', 0.0701);
INSERT INTO mbti_prob_entity (probability_id, guesthouse_id, mbti, probability)
VALUES (506, 32, 'ENFP', 0.1101);
INSERT INTO mbti_prob_entity (probability_id, guesthouse_id, mbti, probability)
VALUES (507, 32, 'ENTJ', 0.0701);
INSERT INTO mbti_prob_entity (probability_id, guesthouse_id, mbti, probability)
VALUES (508, 32, 'ENTP', 0.1101);
INSERT INTO mbti_prob_entity (probability_id, guesthouse_id, mbti, probability)
VALUES (509, 32, 'ESFJ', 0.0217);
INSERT INTO mbti_prob_entity (probability_id, guesthouse_id, mbti, probability)
VALUES (510, 32, 'ESFP', 0.0341);
INSERT INTO mbti_prob_entity (probability_id, guesthouse_id, mbti, probability)
VALUES (511, 32, 'ESTJ', 0.0217);
INSERT INTO mbti_prob_entity (probability_id, guesthouse_id, mbti, probability)
VALUES (512, 32, 'ESTP', 0.0341);
INSERT INTO mbti_prob_entity (probability_id, guesthouse_id, mbti, probability)
VALUES (513, 33, 'INFJ', 0.1929);
INSERT INTO mbti_prob_entity (probability_id, guesthouse_id, mbti, probability)
VALUES (514, 33, 'INFP', 0.1862);
INSERT INTO mbti_prob_entity (probability_id, guesthouse_id, mbti, probability)
VALUES (515, 33, 'INTJ', 0.1340);
INSERT INTO mbti_prob_entity (probability_id, guesthouse_id, mbti, probability)
VALUES (516, 33, 'INTP', 0.1293);
INSERT INTO mbti_prob_entity (probability_id, guesthouse_id, mbti, probability)
VALUES (517, 33, 'ISFJ', 0.0279);
INSERT INTO mbti_prob_entity (probability_id, guesthouse_id, mbti, probability)
VALUES (518, 33, 'ISFP', 0.0269);
INSERT INTO mbti_prob_entity (probability_id, guesthouse_id, mbti, probability)
VALUES (519, 33, 'ISTJ', 0.0194);
INSERT INTO mbti_prob_entity (probability_id, guesthouse_id, mbti, probability)
VALUES (520, 33, 'ISTP', 0.0187);
INSERT INTO mbti_prob_entity (probability_id, guesthouse_id, mbti, probability)
VALUES (521, 33, 'ENFJ', 0.0695);
INSERT INTO mbti_prob_entity (probability_id, guesthouse_id, mbti, probability)
VALUES (522, 33, 'ENFP', 0.0670);
INSERT INTO mbti_prob_entity (probability_id, guesthouse_id, mbti, probability)
VALUES (523, 33, 'ENTJ', 0.0482);
INSERT INTO mbti_prob_entity (probability_id, guesthouse_id, mbti, probability)
VALUES (524, 33, 'ENTP', 0.0465);
INSERT INTO mbti_prob_entity (probability_id, guesthouse_id, mbti, probability)
VALUES (525, 33, 'ESFJ', 0.0101);
INSERT INTO mbti_prob_entity (probability_id, guesthouse_id, mbti, probability)
VALUES (526, 33, 'ESFP', 0.0097);
INSERT INTO mbti_prob_entity (probability_id, guesthouse_id, mbti, probability)
VALUES (527, 33, 'ESTJ', 0.0070);
INSERT INTO mbti_prob_entity (probability_id, guesthouse_id, mbti, probability)
VALUES (528, 33, 'ESTP', 0.0067);
INSERT INTO mbti_prob_entity (probability_id, guesthouse_id, mbti, probability)
VALUES (529, 34, 'INFJ', 0.1499);
INSERT INTO mbti_prob_entity (probability_id, guesthouse_id, mbti, probability)
VALUES (530, 34, 'INFP', 0.2196);
INSERT INTO mbti_prob_entity (probability_id, guesthouse_id, mbti, probability)
VALUES (531, 34, 'INTJ', 0.0959);
INSERT INTO mbti_prob_entity (probability_id, guesthouse_id, mbti, probability)
VALUES (532, 34, 'INTP', 0.1405);
INSERT INTO mbti_prob_entity (probability_id, guesthouse_id, mbti, probability)
VALUES (533, 34, 'ISFJ', 0.0217);
INSERT INTO mbti_prob_entity (probability_id, guesthouse_id, mbti, probability)
VALUES (534, 34, 'ISFP', 0.0318);
INSERT INTO mbti_prob_entity (probability_id, guesthouse_id, mbti, probability)
VALUES (535, 34, 'ISTJ', 0.0139);
INSERT INTO mbti_prob_entity (probability_id, guesthouse_id, mbti, probability)
VALUES (536, 34, 'ISTP', 0.0203);
INSERT INTO mbti_prob_entity (probability_id, guesthouse_id, mbti, probability)
VALUES (537, 34, 'ENFJ', 0.0663);
INSERT INTO mbti_prob_entity (probability_id, guesthouse_id, mbti, probability)
VALUES (538, 34, 'ENFP', 0.0971);
INSERT INTO mbti_prob_entity (probability_id, guesthouse_id, mbti, probability)
VALUES (539, 34, 'ENTJ', 0.0424);
INSERT INTO mbti_prob_entity (probability_id, guesthouse_id, mbti, probability)
VALUES (540, 34, 'ENTP', 0.0621);
INSERT INTO mbti_prob_entity (probability_id, guesthouse_id, mbti, probability)
VALUES (541, 34, 'ESFJ', 0.0096);
INSERT INTO mbti_prob_entity (probability_id, guesthouse_id, mbti, probability)
VALUES (542, 34, 'ESFP', 0.0140);
INSERT INTO mbti_prob_entity (probability_id, guesthouse_id, mbti, probability)
VALUES (543, 34, 'ESTJ', 0.0061);
INSERT INTO mbti_prob_entity (probability_id, guesthouse_id, mbti, probability)
VALUES (544, 34, 'ESTP', 0.0090);
INSERT INTO mbti_prob_entity (probability_id, guesthouse_id, mbti, probability)
VALUES (545, 35, 'INFJ', 0.1173);
INSERT INTO mbti_prob_entity (probability_id, guesthouse_id, mbti, probability)
VALUES (546, 35, 'INFP', 0.1842);
INSERT INTO mbti_prob_entity (probability_id, guesthouse_id, mbti, probability)
VALUES (547, 35, 'INTJ', 0.0922);
INSERT INTO mbti_prob_entity (probability_id, guesthouse_id, mbti, probability)
VALUES (548, 35, 'INTP', 0.1447);
INSERT INTO mbti_prob_entity (probability_id, guesthouse_id, mbti, probability)
VALUES (549, 35, 'ISFJ', 0.0326);
INSERT INTO mbti_prob_entity (probability_id, guesthouse_id, mbti, probability)
VALUES (550, 35, 'ISFP', 0.0512);
INSERT INTO mbti_prob_entity (probability_id, guesthouse_id, mbti, probability)
VALUES (551, 35, 'ISTJ', 0.0256);
INSERT INTO mbti_prob_entity (probability_id, guesthouse_id, mbti, probability)
VALUES (552, 35, 'ISTP', 0.0402);
INSERT INTO mbti_prob_entity (probability_id, guesthouse_id, mbti, probability)
VALUES (553, 35, 'ENFJ', 0.0532);
INSERT INTO mbti_prob_entity (probability_id, guesthouse_id, mbti, probability)
VALUES (554, 35, 'ENFP', 0.0835);
INSERT INTO mbti_prob_entity (probability_id, guesthouse_id, mbti, probability)
VALUES (555, 35, 'ENTJ', 0.0418);
INSERT INTO mbti_prob_entity (probability_id, guesthouse_id, mbti, probability)
VALUES (556, 35, 'ENTP', 0.0656);
INSERT INTO mbti_prob_entity (probability_id, guesthouse_id, mbti, probability)
VALUES (557, 35, 'ESFJ', 0.0148);
INSERT INTO mbti_prob_entity (probability_id, guesthouse_id, mbti, probability)
VALUES (558, 35, 'ESFP', 0.0232);
INSERT INTO mbti_prob_entity (probability_id, guesthouse_id, mbti, probability)
VALUES (559, 35, 'ESTJ', 0.0116);
INSERT INTO mbti_prob_entity (probability_id, guesthouse_id, mbti, probability)
VALUES (560, 35, 'ESTP', 0.0182);
INSERT INTO mbti_prob_entity (probability_id, guesthouse_id, mbti, probability)
VALUES (561, 36, 'INFJ', 0.1139);
INSERT INTO mbti_prob_entity (probability_id, guesthouse_id, mbti, probability)
VALUES (562, 36, 'INFP', 0.1530);
INSERT INTO mbti_prob_entity (probability_id, guesthouse_id, mbti, probability)
VALUES (563, 36, 'INTJ', 0.0895);
INSERT INTO mbti_prob_entity (probability_id, guesthouse_id, mbti, probability)
VALUES (564, 36, 'INTP', 0.1202);
INSERT INTO mbti_prob_entity (probability_id, guesthouse_id, mbti, probability)
VALUES (565, 36, 'ISFJ', 0.0221);
INSERT INTO mbti_prob_entity (probability_id, guesthouse_id, mbti, probability)
VALUES (566, 36, 'ISFP', 0.0296);
INSERT INTO mbti_prob_entity (probability_id, guesthouse_id, mbti, probability)
VALUES (567, 36, 'ISTJ', 0.0173);
INSERT INTO mbti_prob_entity (probability_id, guesthouse_id, mbti, probability)
VALUES (568, 36, 'ISTP', 0.0233);
INSERT INTO mbti_prob_entity (probability_id, guesthouse_id, mbti, probability)
VALUES (569, 36, 'ENFJ', 0.0863);
INSERT INTO mbti_prob_entity (probability_id, guesthouse_id, mbti, probability)
VALUES (570, 36, 'ENFP', 0.1159);
INSERT INTO mbti_prob_entity (probability_id, guesthouse_id, mbti, probability)
VALUES (571, 36, 'ENTJ', 0.0678);
INSERT INTO mbti_prob_entity (probability_id, guesthouse_id, mbti, probability)
VALUES (572, 36, 'ENTP', 0.0911);
INSERT INTO mbti_prob_entity (probability_id, guesthouse_id, mbti, probability)
VALUES (573, 36, 'ESFJ', 0.0167);
INSERT INTO mbti_prob_entity (probability_id, guesthouse_id, mbti, probability)
VALUES (574, 36, 'ESFP', 0.0225);
INSERT INTO mbti_prob_entity (probability_id, guesthouse_id, mbti, probability)
VALUES (575, 36, 'ESTJ', 0.0131);
INSERT INTO mbti_prob_entity (probability_id, guesthouse_id, mbti, probability)
VALUES (576, 36, 'ESTP', 0.0177);
INSERT INTO mbti_prob_entity (probability_id, guesthouse_id, mbti, probability)
VALUES (577, 37, 'INFJ', 0.1156);
INSERT INTO mbti_prob_entity (probability_id, guesthouse_id, mbti, probability)
VALUES (578, 37, 'INFP', 0.2286);
INSERT INTO mbti_prob_entity (probability_id, guesthouse_id, mbti, probability)
VALUES (579, 37, 'INTJ', 0.0872);
INSERT INTO mbti_prob_entity (probability_id, guesthouse_id, mbti, probability)
VALUES (580, 37, 'INTP', 0.1723);
INSERT INTO mbti_prob_entity (probability_id, guesthouse_id, mbti, probability)
VALUES (581, 37, 'ISFJ', 0.0196);
INSERT INTO mbti_prob_entity (probability_id, guesthouse_id, mbti, probability)
VALUES (582, 37, 'ISFP', 0.0387);
INSERT INTO mbti_prob_entity (probability_id, guesthouse_id, mbti, probability)
VALUES (583, 37, 'ISTJ', 0.0148);
INSERT INTO mbti_prob_entity (probability_id, guesthouse_id, mbti, probability)
VALUES (584, 37, 'ISTP', 0.0292);
INSERT INTO mbti_prob_entity (probability_id, guesthouse_id, mbti, probability)
VALUES (585, 37, 'ENFJ', 0.0481);
INSERT INTO mbti_prob_entity (probability_id, guesthouse_id, mbti, probability)
VALUES (586, 37, 'ENFP', 0.0952);
INSERT INTO mbti_prob_entity (probability_id, guesthouse_id, mbti, probability)
VALUES (587, 37, 'ENTJ', 0.0363);
INSERT INTO mbti_prob_entity (probability_id, guesthouse_id, mbti, probability)
VALUES (588, 37, 'ENTP', 0.0717);
INSERT INTO mbti_prob_entity (probability_id, guesthouse_id, mbti, probability)
VALUES (589, 37, 'ESFJ', 0.0082);
INSERT INTO mbti_prob_entity (probability_id, guesthouse_id, mbti, probability)
VALUES (590, 37, 'ESFP', 0.0161);
INSERT INTO mbti_prob_entity (probability_id, guesthouse_id, mbti, probability)
VALUES (591, 37, 'ESTJ', 0.0061);
INSERT INTO mbti_prob_entity (probability_id, guesthouse_id, mbti, probability)
VALUES (592, 37, 'ESTP', 0.0122);
INSERT INTO mbti_prob_entity (probability_id, guesthouse_id, mbti, probability)
VALUES (593, 38, 'INFJ', 0.0794);
INSERT INTO mbti_prob_entity (probability_id, guesthouse_id, mbti, probability)
VALUES (594, 38, 'INFP', 0.1735);
INSERT INTO mbti_prob_entity (probability_id, guesthouse_id, mbti, probability)
VALUES (595, 38, 'INTJ', 0.0589);
INSERT INTO mbti_prob_entity (probability_id, guesthouse_id, mbti, probability)
VALUES (596, 38, 'INTP', 0.1286);
INSERT INTO mbti_prob_entity (probability_id, guesthouse_id, mbti, probability)
VALUES (597, 38, 'ISFJ', 0.0237);
INSERT INTO mbti_prob_entity (probability_id, guesthouse_id, mbti, probability)
VALUES (598, 38, 'ISFP', 0.0519);
INSERT INTO mbti_prob_entity (probability_id, guesthouse_id, mbti, probability)
VALUES (599, 38, 'ISTJ', 0.0176);
INSERT INTO mbti_prob_entity (probability_id, guesthouse_id, mbti, probability)
VALUES (600, 38, 'ISTP', 0.0384);
INSERT INTO mbti_prob_entity (probability_id, guesthouse_id, mbti, probability)
VALUES (601, 38, 'ENFJ', 0.0594);
INSERT INTO mbti_prob_entity (probability_id, guesthouse_id, mbti, probability)
VALUES (602, 38, 'ENFP', 0.1298);
INSERT INTO mbti_prob_entity (probability_id, guesthouse_id, mbti, probability)
VALUES (603, 38, 'ENTJ', 0.0440);
INSERT INTO mbti_prob_entity (probability_id, guesthouse_id, mbti, probability)
VALUES (604, 38, 'ENTP', 0.0962);
INSERT INTO mbti_prob_entity (probability_id, guesthouse_id, mbti, probability)
VALUES (605, 38, 'ESFJ', 0.0178);
INSERT INTO mbti_prob_entity (probability_id, guesthouse_id, mbti, probability)
VALUES (606, 38, 'ESFP', 0.0388);
INSERT INTO mbti_prob_entity (probability_id, guesthouse_id, mbti, probability)
VALUES (607, 38, 'ESTJ', 0.0132);
INSERT INTO mbti_prob_entity (probability_id, guesthouse_id, mbti, probability)
VALUES (608, 38, 'ESTP', 0.0288);
INSERT INTO mbti_prob_entity (probability_id, guesthouse_id, mbti, probability)
VALUES (609, 39, 'INFJ', 0.0924);
INSERT INTO mbti_prob_entity (probability_id, guesthouse_id, mbti, probability)
VALUES (610, 39, 'INFP', 0.1629);
INSERT INTO mbti_prob_entity (probability_id, guesthouse_id, mbti, probability)
VALUES (611, 39, 'INTJ', 0.0685);
INSERT INTO mbti_prob_entity (probability_id, guesthouse_id, mbti, probability)
VALUES (612, 39, 'INTP', 0.1208);
INSERT INTO mbti_prob_entity (probability_id, guesthouse_id, mbti, probability)
VALUES (613, 39, 'ISFJ', 0.0267);
INSERT INTO mbti_prob_entity (probability_id, guesthouse_id, mbti, probability)
VALUES (614, 39, 'ISFP', 0.0472);
INSERT INTO mbti_prob_entity (probability_id, guesthouse_id, mbti, probability)
VALUES (615, 39, 'ISTJ', 0.0198);
INSERT INTO mbti_prob_entity (probability_id, guesthouse_id, mbti, probability)
VALUES (616, 39, 'ISTP', 0.0350);
INSERT INTO mbti_prob_entity (probability_id, guesthouse_id, mbti, probability)
VALUES (617, 39, 'ENFJ', 0.0688);
INSERT INTO mbti_prob_entity (probability_id, guesthouse_id, mbti, probability)
VALUES (618, 39, 'ENFP', 0.1213);
INSERT INTO mbti_prob_entity (probability_id, guesthouse_id, mbti, probability)
VALUES (619, 39, 'ENTJ', 0.0510);
INSERT INTO mbti_prob_entity (probability_id, guesthouse_id, mbti, probability)
VALUES (620, 39, 'ENTP', 0.0899);
INSERT INTO mbti_prob_entity (probability_id, guesthouse_id, mbti, probability)
VALUES (621, 39, 'ESFJ', 0.0199);
INSERT INTO mbti_prob_entity (probability_id, guesthouse_id, mbti, probability)
VALUES (622, 39, 'ESFP', 0.0351);
INSERT INTO mbti_prob_entity (probability_id, guesthouse_id, mbti, probability)
VALUES (623, 39, 'ESTJ', 0.0148);
INSERT INTO mbti_prob_entity (probability_id, guesthouse_id, mbti, probability)
VALUES (624, 39, 'ESTP', 0.0260);
INSERT INTO mbti_prob_entity (probability_id, guesthouse_id, mbti, probability)
VALUES (625, 40, 'INFJ', 0.0652);
INSERT INTO mbti_prob_entity (probability_id, guesthouse_id, mbti, probability)
VALUES (626, 40, 'INFP', 0.1360);
INSERT INTO mbti_prob_entity (probability_id, guesthouse_id, mbti, probability)
VALUES (627, 40, 'INTJ', 0.0754);
INSERT INTO mbti_prob_entity (probability_id, guesthouse_id, mbti, probability)
VALUES (628, 40, 'INTP', 0.1571);
INSERT INTO mbti_prob_entity (probability_id, guesthouse_id, mbti, probability)
VALUES (629, 40, 'ISFJ', 0.0203);
INSERT INTO mbti_prob_entity (probability_id, guesthouse_id, mbti, probability)
VALUES (630, 40, 'ISFP', 0.0424);
INSERT INTO mbti_prob_entity (probability_id, guesthouse_id, mbti, probability)
VALUES (631, 40, 'ISTJ', 0.0235);
INSERT INTO mbti_prob_entity (probability_id, guesthouse_id, mbti, probability)
VALUES (632, 40, 'ISTP', 0.0490);
INSERT INTO mbti_prob_entity (probability_id, guesthouse_id, mbti, probability)
VALUES (633, 40, 'ENFJ', 0.0494);
INSERT INTO mbti_prob_entity (probability_id, guesthouse_id, mbti, probability)
VALUES (634, 40, 'ENFP', 0.1031);
INSERT INTO mbti_prob_entity (probability_id, guesthouse_id, mbti, probability)
VALUES (635, 40, 'ENTJ', 0.0571);
INSERT INTO mbti_prob_entity (probability_id, guesthouse_id, mbti, probability)
VALUES (636, 40, 'ENTP', 0.1191);
INSERT INTO mbti_prob_entity (probability_id, guesthouse_id, mbti, probability)
VALUES (637, 40, 'ESFJ', 0.0154);
INSERT INTO mbti_prob_entity (probability_id, guesthouse_id, mbti, probability)
VALUES (638, 40, 'ESFP', 0.0321);
INSERT INTO mbti_prob_entity (probability_id, guesthouse_id, mbti, probability)
VALUES (639, 40, 'ESTJ', 0.0178);
INSERT INTO mbti_prob_entity (probability_id, guesthouse_id, mbti, probability)
VALUES (640, 40, 'ESTP', 0.0371);
INSERT INTO mbti_prob_entity (probability_id, guesthouse_id, mbti, probability)
VALUES (641, 41, 'INFJ', 0.1744);
INSERT INTO mbti_prob_entity (probability_id, guesthouse_id, mbti, probability)
VALUES (642, 41, 'INFP', 0.2028);
INSERT INTO mbti_prob_entity (probability_id, guesthouse_id, mbti, probability)
VALUES (643, 41, 'INTJ', 0.1189);
INSERT INTO mbti_prob_entity (probability_id, guesthouse_id, mbti, probability)
VALUES (644, 41, 'INTP', 0.1382);
INSERT INTO mbti_prob_entity (probability_id, guesthouse_id, mbti, probability)
VALUES (645, 41, 'ISFJ', 0.0296);
INSERT INTO mbti_prob_entity (probability_id, guesthouse_id, mbti, probability)
VALUES (646, 41, 'ISFP', 0.0344);
INSERT INTO mbti_prob_entity (probability_id, guesthouse_id, mbti, probability)
VALUES (647, 41, 'ISTJ', 0.0201);
INSERT INTO mbti_prob_entity (probability_id, guesthouse_id, mbti, probability)
VALUES (648, 41, 'ISTP', 0.0234);
INSERT INTO mbti_prob_entity (probability_id, guesthouse_id, mbti, probability)
VALUES (649, 41, 'ENFJ', 0.0607);
INSERT INTO mbti_prob_entity (probability_id, guesthouse_id, mbti, probability)
VALUES (650, 41, 'ENFP', 0.0706);
INSERT INTO mbti_prob_entity (probability_id, guesthouse_id, mbti, probability)
VALUES (651, 41, 'ENTJ', 0.0414);
INSERT INTO mbti_prob_entity (probability_id, guesthouse_id, mbti, probability)
VALUES (652, 41, 'ENTP', 0.0481);
INSERT INTO mbti_prob_entity (probability_id, guesthouse_id, mbti, probability)
VALUES (653, 41, 'ESFJ', 0.0103);
INSERT INTO mbti_prob_entity (probability_id, guesthouse_id, mbti, probability)
VALUES (654, 41, 'ESFP', 0.0120);
INSERT INTO mbti_prob_entity (probability_id, guesthouse_id, mbti, probability)
VALUES (655, 41, 'ESTJ', 0.0070);
INSERT INTO mbti_prob_entity (probability_id, guesthouse_id, mbti, probability)
VALUES (656, 41, 'ESTP', 0.0082);
INSERT INTO mbti_prob_entity (probability_id, guesthouse_id, mbti, probability)
VALUES (657, 42, 'INFJ', 0.1200);
INSERT INTO mbti_prob_entity (probability_id, guesthouse_id, mbti, probability)
VALUES (658, 42, 'INFP', 0.1548);
INSERT INTO mbti_prob_entity (probability_id, guesthouse_id, mbti, probability)
VALUES (659, 42, 'INTJ', 0.0752);
INSERT INTO mbti_prob_entity (probability_id, guesthouse_id, mbti, probability)
VALUES (660, 42, 'INTP', 0.0970);
INSERT INTO mbti_prob_entity (probability_id, guesthouse_id, mbti, probability)
VALUES (661, 42, 'ISFJ', 0.0327);
INSERT INTO mbti_prob_entity (probability_id, guesthouse_id, mbti, probability)
VALUES (662, 42, 'ISFP', 0.0422);
INSERT INTO mbti_prob_entity (probability_id, guesthouse_id, mbti, probability)
VALUES (663, 42, 'ISTJ', 0.0205);
INSERT INTO mbti_prob_entity (probability_id, guesthouse_id, mbti, probability)
VALUES (664, 42, 'ISTP', 0.0264);
INSERT INTO mbti_prob_entity (probability_id, guesthouse_id, mbti, probability)
VALUES (665, 42, 'ENFJ', 0.0910);
INSERT INTO mbti_prob_entity (probability_id, guesthouse_id, mbti, probability)
VALUES (666, 42, 'ENFP', 0.1173);
INSERT INTO mbti_prob_entity (probability_id, guesthouse_id, mbti, probability)
VALUES (667, 42, 'ENTJ', 0.0570);
INSERT INTO mbti_prob_entity (probability_id, guesthouse_id, mbti, probability)
VALUES (668, 42, 'ENTP', 0.0735);
INSERT INTO mbti_prob_entity (probability_id, guesthouse_id, mbti, probability)
VALUES (669, 42, 'ESFJ', 0.0248);
INSERT INTO mbti_prob_entity (probability_id, guesthouse_id, mbti, probability)
VALUES (670, 42, 'ESFP', 0.0320);
INSERT INTO mbti_prob_entity (probability_id, guesthouse_id, mbti, probability)
VALUES (671, 42, 'ESTJ', 0.0155);
INSERT INTO mbti_prob_entity (probability_id, guesthouse_id, mbti, probability)
VALUES (672, 42, 'ESTP', 0.0200);
INSERT INTO mbti_prob_entity (probability_id, guesthouse_id, mbti, probability)
VALUES (673, 43, 'INFJ', 0.0761);
INSERT INTO mbti_prob_entity (probability_id, guesthouse_id, mbti, probability)
VALUES (674, 43, 'INFP', 0.1821);
INSERT INTO mbti_prob_entity (probability_id, guesthouse_id, mbti, probability)
VALUES (675, 43, 'INTJ', 0.0526);
INSERT INTO mbti_prob_entity (probability_id, guesthouse_id, mbti, probability)
VALUES (676, 43, 'INTP', 0.1258);
INSERT INTO mbti_prob_entity (probability_id, guesthouse_id, mbti, probability)
VALUES (677, 43, 'ISFJ', 0.0228);
INSERT INTO mbti_prob_entity (probability_id, guesthouse_id, mbti, probability)
VALUES (678, 43, 'ISFP', 0.0546);
INSERT INTO mbti_prob_entity (probability_id, guesthouse_id, mbti, probability)
VALUES (679, 43, 'ISTJ', 0.0158);
INSERT INTO mbti_prob_entity (probability_id, guesthouse_id, mbti, probability)
VALUES (680, 43, 'ISTP', 0.0377);
INSERT INTO mbti_prob_entity (probability_id, guesthouse_id, mbti, probability)
VALUES (681, 43, 'ENFJ', 0.0580);
INSERT INTO mbti_prob_entity (probability_id, guesthouse_id, mbti, probability)
VALUES (682, 43, 'ENFP', 0.1388);
INSERT INTO mbti_prob_entity (probability_id, guesthouse_id, mbti, probability)
VALUES (683, 43, 'ENTJ', 0.0401);
INSERT INTO mbti_prob_entity (probability_id, guesthouse_id, mbti, probability)
VALUES (684, 43, 'ENTP', 0.0959);
INSERT INTO mbti_prob_entity (probability_id, guesthouse_id, mbti, probability)
VALUES (685, 43, 'ESFJ', 0.0174);
INSERT INTO mbti_prob_entity (probability_id, guesthouse_id, mbti, probability)
VALUES (686, 43, 'ESFP', 0.0416);
INSERT INTO mbti_prob_entity (probability_id, guesthouse_id, mbti, probability)
VALUES (687, 43, 'ESTJ', 0.0120);
INSERT INTO mbti_prob_entity (probability_id, guesthouse_id, mbti, probability)
VALUES (688, 43, 'ESTP', 0.0288);
INSERT INTO mbti_prob_entity (probability_id, guesthouse_id, mbti, probability)
VALUES (689, 44, 'INFJ', 0.1130);
INSERT INTO mbti_prob_entity (probability_id, guesthouse_id, mbti, probability)
VALUES (690, 44, 'INFP', 0.2622);
INSERT INTO mbti_prob_entity (probability_id, guesthouse_id, mbti, probability)
VALUES (691, 44, 'INTJ', 0.0685);
INSERT INTO mbti_prob_entity (probability_id, guesthouse_id, mbti, probability)
VALUES (692, 44, 'INTP', 0.1590);
INSERT INTO mbti_prob_entity (probability_id, guesthouse_id, mbti, probability)
VALUES (693, 44, 'ISFJ', 0.0172);
INSERT INTO mbti_prob_entity (probability_id, guesthouse_id, mbti, probability)
VALUES (694, 44, 'ISFP', 0.0399);
INSERT INTO mbti_prob_entity (probability_id, guesthouse_id, mbti, probability)
VALUES (695, 44, 'ISTJ', 0.0104);
INSERT INTO mbti_prob_entity (probability_id, guesthouse_id, mbti, probability)
VALUES (696, 44, 'ISTP', 0.0242);
INSERT INTO mbti_prob_entity (probability_id, guesthouse_id, mbti, probability)
VALUES (697, 44, 'ENFJ', 0.0497);
INSERT INTO mbti_prob_entity (probability_id, guesthouse_id, mbti, probability)
VALUES (698, 44, 'ENFP', 0.1153);
INSERT INTO mbti_prob_entity (probability_id, guesthouse_id, mbti, probability)
VALUES (699, 44, 'ENTJ', 0.0301);
INSERT INTO mbti_prob_entity (probability_id, guesthouse_id, mbti, probability)
VALUES (700, 44, 'ENTP', 0.0699);
INSERT INTO mbti_prob_entity (probability_id, guesthouse_id, mbti, probability)
VALUES (701, 44, 'ESFJ', 0.0076);
INSERT INTO mbti_prob_entity (probability_id, guesthouse_id, mbti, probability)
VALUES (702, 44, 'ESFP', 0.0176);
INSERT INTO mbti_prob_entity (probability_id, guesthouse_id, mbti, probability)
VALUES (703, 44, 'ESTJ', 0.0046);
INSERT INTO mbti_prob_entity (probability_id, guesthouse_id, mbti, probability)
VALUES (704, 44, 'ESTP', 0.0106);
INSERT INTO mbti_prob_entity (probability_id, guesthouse_id, mbti, probability)
VALUES (705, 45, 'INFJ', 0.0751);
INSERT INTO mbti_prob_entity (probability_id, guesthouse_id, mbti, probability)
VALUES (706, 45, 'INFP', 0.1773);
INSERT INTO mbti_prob_entity (probability_id, guesthouse_id, mbti, probability)
VALUES (707, 45, 'INTJ', 0.0491);
INSERT INTO mbti_prob_entity (probability_id, guesthouse_id, mbti, probability)
VALUES (708, 45, 'INTP', 0.1160);
INSERT INTO mbti_prob_entity (probability_id, guesthouse_id, mbti, probability)
VALUES (709, 45, 'ISFJ', 0.0287);
INSERT INTO mbti_prob_entity (probability_id, guesthouse_id, mbti, probability)
VALUES (710, 45, 'ISFP', 0.0678);
INSERT INTO mbti_prob_entity (probability_id, guesthouse_id, mbti, probability)
VALUES (711, 45, 'ISTJ', 0.0188);
INSERT INTO mbti_prob_entity (probability_id, guesthouse_id, mbti, probability)
VALUES (712, 45, 'ISTP', 0.0444);
INSERT INTO mbti_prob_entity (probability_id, guesthouse_id, mbti, probability)
VALUES (713, 45, 'ENFJ', 0.0550);
INSERT INTO mbti_prob_entity (probability_id, guesthouse_id, mbti, probability)
VALUES (714, 45, 'ENFP', 0.1299);
INSERT INTO mbti_prob_entity (probability_id, guesthouse_id, mbti, probability)
VALUES (715, 45, 'ENTJ', 0.0360);
INSERT INTO mbti_prob_entity (probability_id, guesthouse_id, mbti, probability)
VALUES (716, 45, 'ENTP', 0.0850);
INSERT INTO mbti_prob_entity (probability_id, guesthouse_id, mbti, probability)
VALUES (717, 45, 'ESFJ', 0.0210);
INSERT INTO mbti_prob_entity (probability_id, guesthouse_id, mbti, probability)
VALUES (718, 45, 'ESFP', 0.0497);
INSERT INTO mbti_prob_entity (probability_id, guesthouse_id, mbti, probability)
VALUES (719, 45, 'ESTJ', 0.0138);
INSERT INTO mbti_prob_entity (probability_id, guesthouse_id, mbti, probability)
VALUES (720, 45, 'ESTP', 0.0325);
INSERT INTO mbti_prob_entity (probability_id, guesthouse_id, mbti, probability)
VALUES (721, 46, 'INFJ', 0.1421);
INSERT INTO mbti_prob_entity (probability_id, guesthouse_id, mbti, probability)
VALUES (722, 46, 'INFP', 0.2312);
INSERT INTO mbti_prob_entity (probability_id, guesthouse_id, mbti, probability)
VALUES (723, 46, 'INTJ', 0.0969);
INSERT INTO mbti_prob_entity (probability_id, guesthouse_id, mbti, probability)
VALUES (724, 46, 'INTP', 0.1575);
INSERT INTO mbti_prob_entity (probability_id, guesthouse_id, mbti, probability)
VALUES (725, 46, 'ISFJ', 0.0216);
INSERT INTO mbti_prob_entity (probability_id, guesthouse_id, mbti, probability)
VALUES (726, 46, 'ISFP', 0.0352);
INSERT INTO mbti_prob_entity (probability_id, guesthouse_id, mbti, probability)
VALUES (727, 46, 'ISTJ', 0.0147);
INSERT INTO mbti_prob_entity (probability_id, guesthouse_id, mbti, probability)
VALUES (728, 46, 'ISTP', 0.0240);
INSERT INTO mbti_prob_entity (probability_id, guesthouse_id, mbti, probability)
VALUES (729, 46, 'ENFJ', 0.0544);
INSERT INTO mbti_prob_entity (probability_id, guesthouse_id, mbti, probability)
VALUES (730, 46, 'ENFP', 0.0884);
INSERT INTO mbti_prob_entity (probability_id, guesthouse_id, mbti, probability)
VALUES (731, 46, 'ENTJ', 0.0371);
INSERT INTO mbti_prob_entity (probability_id, guesthouse_id, mbti, probability)
VALUES (732, 46, 'ENTP', 0.0603);
INSERT INTO mbti_prob_entity (probability_id, guesthouse_id, mbti, probability)
VALUES (733, 46, 'ESFJ', 0.0083);
INSERT INTO mbti_prob_entity (probability_id, guesthouse_id, mbti, probability)
VALUES (734, 46, 'ESFP', 0.0135);
INSERT INTO mbti_prob_entity (probability_id, guesthouse_id, mbti, probability)
VALUES (735, 46, 'ESTJ', 0.0056);
INSERT INTO mbti_prob_entity (probability_id, guesthouse_id, mbti, probability)
VALUES (736, 46, 'ESTP', 0.0092);
INSERT INTO mbti_prob_entity (probability_id, guesthouse_id, mbti, probability)
VALUES (737, 47, 'INFJ', 0.1519);
INSERT INTO mbti_prob_entity (probability_id, guesthouse_id, mbti, probability)
VALUES (738, 47, 'INFP', 0.1783);
INSERT INTO mbti_prob_entity (probability_id, guesthouse_id, mbti, probability)
VALUES (739, 47, 'INTJ', 0.1322);
INSERT INTO mbti_prob_entity (probability_id, guesthouse_id, mbti, probability)
VALUES (740, 47, 'INTP', 0.1552);
INSERT INTO mbti_prob_entity (probability_id, guesthouse_id, mbti, probability)
VALUES (741, 47, 'ISFJ', 0.0215);
INSERT INTO mbti_prob_entity (probability_id, guesthouse_id, mbti, probability)
VALUES (742, 47, 'ISFP', 0.0252);
INSERT INTO mbti_prob_entity (probability_id, guesthouse_id, mbti, probability)
VALUES (743, 47, 'ISTJ', 0.0187);
INSERT INTO mbti_prob_entity (probability_id, guesthouse_id, mbti, probability)
VALUES (744, 47, 'ISTP', 0.0220);
INSERT INTO mbti_prob_entity (probability_id, guesthouse_id, mbti, probability)
VALUES (745, 47, 'ENFJ', 0.0636);
INSERT INTO mbti_prob_entity (probability_id, guesthouse_id, mbti, probability)
VALUES (746, 47, 'ENFP', 0.0746);
INSERT INTO mbti_prob_entity (probability_id, guesthouse_id, mbti, probability)
VALUES (747, 47, 'ENTJ', 0.0553);
INSERT INTO mbti_prob_entity (probability_id, guesthouse_id, mbti, probability)
VALUES (748, 47, 'ENTP', 0.0649);
INSERT INTO mbti_prob_entity (probability_id, guesthouse_id, mbti, probability)
VALUES (749, 47, 'ESFJ', 0.0090);
INSERT INTO mbti_prob_entity (probability_id, guesthouse_id, mbti, probability)
VALUES (750, 47, 'ESFP', 0.0106);
INSERT INTO mbti_prob_entity (probability_id, guesthouse_id, mbti, probability)
VALUES (751, 47, 'ESTJ', 0.0078);
INSERT INTO mbti_prob_entity (probability_id, guesthouse_id, mbti, probability)
VALUES (752, 47, 'ESTP', 0.0092);
INSERT INTO mbti_prob_entity (probability_id, guesthouse_id, mbti, probability)
VALUES (753, 48, 'INFJ', 0.1053);
INSERT INTO mbti_prob_entity (probability_id, guesthouse_id, mbti, probability)
VALUES (754, 48, 'INFP', 0.1712);
INSERT INTO mbti_prob_entity (probability_id, guesthouse_id, mbti, probability)
VALUES (755, 48, 'INTJ', 0.0733);
INSERT INTO mbti_prob_entity (probability_id, guesthouse_id, mbti, probability)
VALUES (756, 48, 'INTP', 0.1191);
INSERT INTO mbti_prob_entity (probability_id, guesthouse_id, mbti, probability)
VALUES (757, 48, 'ISFJ', 0.0369);
INSERT INTO mbti_prob_entity (probability_id, guesthouse_id, mbti, probability)
VALUES (758, 48, 'ISFP', 0.0599);
INSERT INTO mbti_prob_entity (probability_id, guesthouse_id, mbti, probability)
VALUES (759, 48, 'ISTJ', 0.0257);
INSERT INTO mbti_prob_entity (probability_id, guesthouse_id, mbti, probability)
VALUES (760, 48, 'ISTP', 0.0417);
INSERT INTO mbti_prob_entity (probability_id, guesthouse_id, mbti, probability)
VALUES (761, 48, 'ENFJ', 0.0610);
INSERT INTO mbti_prob_entity (probability_id, guesthouse_id, mbti, probability)
VALUES (762, 48, 'ENFP', 0.0992);
INSERT INTO mbti_prob_entity (probability_id, guesthouse_id, mbti, probability)
VALUES (763, 48, 'ENTJ', 0.0425);
INSERT INTO mbti_prob_entity (probability_id, guesthouse_id, mbti, probability)
VALUES (764, 48, 'ENTP', 0.0690);
INSERT INTO mbti_prob_entity (probability_id, guesthouse_id, mbti, probability)
VALUES (765, 48, 'ESFJ', 0.0214);
INSERT INTO mbti_prob_entity (probability_id, guesthouse_id, mbti, probability)
VALUES (766, 48, 'ESFP', 0.0347);
INSERT INTO mbti_prob_entity (probability_id, guesthouse_id, mbti, probability)
VALUES (767, 48, 'ESTJ', 0.0149);
INSERT INTO mbti_prob_entity (probability_id, guesthouse_id, mbti, probability)
VALUES (768, 48, 'ESTP', 0.0242);
INSERT INTO mbti_prob_entity (probability_id, guesthouse_id, mbti, probability)
VALUES (769, 49, 'INFJ', 0.1416);
INSERT INTO mbti_prob_entity (probability_id, guesthouse_id, mbti, probability)
VALUES (770, 49, 'INFP', 0.2424);
INSERT INTO mbti_prob_entity (probability_id, guesthouse_id, mbti, probability)
VALUES (771, 49, 'INTJ', 0.1019);
INSERT INTO mbti_prob_entity (probability_id, guesthouse_id, mbti, probability)
VALUES (772, 49, 'INTP', 0.1744);
INSERT INTO mbti_prob_entity (probability_id, guesthouse_id, mbti, probability)
VALUES (773, 49, 'ISFJ', 0.0232);
INSERT INTO mbti_prob_entity (probability_id, guesthouse_id, mbti, probability)
VALUES (774, 49, 'ISFP', 0.0397);
INSERT INTO mbti_prob_entity (probability_id, guesthouse_id, mbti, probability)
VALUES (775, 49, 'ISTJ', 0.0167);
INSERT INTO mbti_prob_entity (probability_id, guesthouse_id, mbti, probability)
VALUES (776, 49, 'ISTP', 0.0286);
INSERT INTO mbti_prob_entity (probability_id, guesthouse_id, mbti, probability)
VALUES (777, 49, 'ENFJ', 0.0426);
INSERT INTO mbti_prob_entity (probability_id, guesthouse_id, mbti, probability)
VALUES (778, 49, 'ENFP', 0.0730);
INSERT INTO mbti_prob_entity (probability_id, guesthouse_id, mbti, probability)
VALUES (779, 49, 'ENTJ', 0.0307);
INSERT INTO mbti_prob_entity (probability_id, guesthouse_id, mbti, probability)
VALUES (780, 49, 'ENTP', 0.0525);
INSERT INTO mbti_prob_entity (probability_id, guesthouse_id, mbti, probability)
VALUES (781, 49, 'ESFJ', 0.0070);
INSERT INTO mbti_prob_entity (probability_id, guesthouse_id, mbti, probability)
VALUES (782, 49, 'ESFP', 0.0120);
INSERT INTO mbti_prob_entity (probability_id, guesthouse_id, mbti, probability)
VALUES (783, 49, 'ESTJ', 0.0050);
INSERT INTO mbti_prob_entity (probability_id, guesthouse_id, mbti, probability)
VALUES (784, 49, 'ESTP', 0.0086);
INSERT INTO mbti_prob_entity (probability_id, guesthouse_id, mbti, probability)
VALUES (785, 50, 'INFJ', 0.1074);
INSERT INTO mbti_prob_entity (probability_id, guesthouse_id, mbti, probability)
VALUES (786, 50, 'INFP', 0.1001);
INSERT INTO mbti_prob_entity (probability_id, guesthouse_id, mbti, probability)
VALUES (787, 50, 'INTJ', 0.0999);
INSERT INTO mbti_prob_entity (probability_id, guesthouse_id, mbti, probability)
VALUES (788, 50, 'INTP', 0.0930);
INSERT INTO mbti_prob_entity (probability_id, guesthouse_id, mbti, probability)
VALUES (789, 50, 'ISFJ', 0.0371);
INSERT INTO mbti_prob_entity (probability_id, guesthouse_id, mbti, probability)
VALUES (790, 50, 'ISFP', 0.0346);
INSERT INTO mbti_prob_entity (probability_id, guesthouse_id, mbti, probability)
VALUES (791, 50, 'ISTJ', 0.0345);
INSERT INTO mbti_prob_entity (probability_id, guesthouse_id, mbti, probability)
VALUES (792, 50, 'ISTP', 0.0322);
INSERT INTO mbti_prob_entity (probability_id, guesthouse_id, mbti, probability)
VALUES (793, 50, 'ENFJ', 0.0920);
INSERT INTO mbti_prob_entity (probability_id, guesthouse_id, mbti, probability)
VALUES (794, 50, 'ENFP', 0.0857);
INSERT INTO mbti_prob_entity (probability_id, guesthouse_id, mbti, probability)
VALUES (795, 50, 'ENTJ', 0.0855);
INSERT INTO mbti_prob_entity (probability_id, guesthouse_id, mbti, probability)
VALUES (796, 50, 'ENTP', 0.0796);
INSERT INTO mbti_prob_entity (probability_id, guesthouse_id, mbti, probability)
VALUES (797, 50, 'ESFJ', 0.0318);
INSERT INTO mbti_prob_entity (probability_id, guesthouse_id, mbti, probability)
VALUES (798, 50, 'ESFP', 0.0296);
INSERT INTO mbti_prob_entity (probability_id, guesthouse_id, mbti, probability)
VALUES (799, 50, 'ESTJ', 0.0295);
INSERT INTO mbti_prob_entity (probability_id, guesthouse_id, mbti, probability)
VALUES (800, 50, 'ESTP', 0.0275);

INSERT INTO facility_entity (breakfast, parking, party, singleroom, swimmingpool, woman_only, guesthouse_id) VALUES
                                                                                                                 (1, 0, 1, 0, 1, 0, 1),
                                                                                                                 (0, 1, 0, 1, 0, 1, 2),
                                                                                                                 (1, 1, 1, 1, 1, 1, 3),
                                                                                                                 (0, 0, 0, 0, 0, 0, 4),
                                                                                                                 (1, 0, 1, 0, 1, 0, 5),
                                                                                                                 (0, 1, 0, 1, 0, 1, 6),
                                                                                                                 (1, 1, 1, 1, 1, 1, 7),
                                                                                                                 (0, 0, 0, 0, 0, 0, 8),
                                                                                                                 (1, 0, 1, 0, 1, 0, 9),
                                                                                                                 (0, 1, 0, 1, 0, 1, 10),
                                                                                                                 (1, 1, 1, 1, 1, 1, 11),
                                                                                                                 (0, 0, 0, 0, 0, 0, 12),
                                                                                                                 (1, 0, 1, 0, 1, 0, 13),
                                                                                                                 (0, 1, 0, 1, 0, 1, 14),
                                                                                                                 (1, 1, 1, 1, 1, 1, 15),
                                                                                                                 (0, 0, 0, 0, 0, 0, 16),
                                                                                                                 (1, 0, 1, 0, 1, 0, 17),
                                                                                                                 (0, 1, 0, 1, 0, 1, 18),
                                                                                                                 (1, 1, 1, 1, 1, 1, 19),
                                                                                                                 (0, 0, 0, 0, 0, 0, 20),
                                                                                                                 (1, 0, 1, 0, 1, 0, 21),
                                                                                                                 (0, 1, 0, 1, 0, 1, 22),
                                                                                                                 (1, 1, 1, 1, 1, 1, 23),
                                                                                                                 (0, 0, 0, 0, 0, 0, 24),
                                                                                                                 (1, 0, 1, 0, 1, 0, 25),
                                                                                                                 (0, 1, 0, 1, 0, 1, 26),
                                                                                                                 (1, 1, 1, 1, 1, 1, 27),
                                                                                                                 (0, 0, 0, 0, 0, 0, 28),
                                                                                                                 (1, 0, 1, 0, 1, 0, 29),
                                                                                                                 (0, 1, 0, 1, 0, 1, 30),
                                                                                                                 (0, 1, 0, 1, 1, 1, 31),
                                                                                                                 (0, 1, 1, 1, 1, 1, 32),
                                                                                                                 (0, 0, 0, 0, 0, 1, 33),
                                                                                                                 (0, 0, 0, 1, 0, 1, 34),
                                                                                                                 (0, 0, 1, 0, 0, 0, 35),
                                                                                                                 (0, 1, 1, 1, 0, 0, 36),
                                                                                                                 (0, 1, 0, 1, 0, 1, 37),
                                                                                                                 (1, 1, 1, 1, 1, 1, 38),
                                                                                                                 (1, 1, 1, 1, 0, 1, 39),
                                                                                                                 (1, 1, 0, 1, 0, 1, 40),
                                                                                                                 (1, 1, 0, 1, 0, 1, 41),
                                                                                                                 (0, 1, 1, 1, 1, 1, 42),
                                                                                                                 (0, 1, 0, 1, 0, 0, 43),
                                                                                                                 (0, 1, 0, 1, 0, 0, 44),
                                                                                                                 (1, 1, 0, 1, 0, 1, 45),
                                                                                                                 (1, 1, 0, 1, 0, 1, 46),
                                                                                                                 (1, 1, 0, 1, 0, 1, 47),
                                                                                                                 (1, 1, 0, 1, 0, 1, 48),
                                                                                                                 (1, 1, 1, 1, 0, 1, 49),
                                                                                                                 (0, 1, 1, 1, 1, 1, 50);
